Time,Header.seq,Header.stamp.secs,Header.stamp.nsecs,Header.frame_id,Latitude,Longitude,Altitude,HDOP,UTM_easting,UTM_northing,UTC.secs,UTC.nsecs,Zone,Letter,fix_quality
1676147592.6761298,99,73992,600000000,GPS1_Frame,42.33703822166667,-71.09138808666667,20.884,2.8,327709.5823687716,4689316.540593355,73992,600000000,19,T,5
1676147593.6825285,100,73993,600000000,GPS1_Frame,42.337038215,-71.09138829333334,20.691,2.8,327709.5653244638,4689316.54027182,73993,600000000,19,T,5
1676147594.6781392,101,73994,600000000,GPS1_Frame,42.33703808666667,-71.09138842,20.488,2.8,327709.55453863356,4689316.526278031,73994,600000000,19,T,5
1676147595.6803124,102,73995,600000000,GPS1_Frame,42.33703794833333,-71.09138863666666,20.266,2.8,327709.5363108992,4689316.511356177,73995,600000000,19,T,5
1676147596.681079,103,73996,600000000,GPS1_Frame,42.33703778833333,-71.091388885,20.09,2.8,327709.51541515434,4689316.494092567,73996,600000000,19,T,5
1676147597.6768637,104,73997,600000000,GPS1_Frame,42.337038115,-71.0913889,19.958,2.8,327709.51507152535,4689316.530396809,73997,600000000,19,T,5
1676147598.6804752,105,73998,600000000,GPS1_Frame,42.33703808333333,-71.09138904166667,19.775,2.8,327709.50331392477,4689316.52716751,73998,600000000,19,T,5
1676147599.6798387,106,73999,600000000,GPS1_Frame,42.33703807,-71.09138918833334,19.616,2.8,327709.49119447265,4689316.525984122,73999,600000000,19,T,5
1676147600.6706426,107,74000,600000000,GPS1_Frame,42.33703788166667,-71.091389335,19.425,2.8,327709.4785970921,4689316.505368315,74000,600000000,19,T,5
1676147601.6703458,108,74001,600000000,GPS1_Frame,42.33703627166667,-71.09138986833334,19.078,4.9,327709.4302618103,4689316.327670705,74001,600000000,19,T,5
1676147602.6773815,109,74002,600000000,GPS1_Frame,42.33703764166667,-71.091389915,19.181,1.6,327709.43015872216,4689316.479893338,74002,600000000,19,T,5
1676147603.6768558,110,74003,600000000,GPS1_Frame,42.337037755,-71.09138997833334,19.016,1.6,327709.42525056284,4689316.492606468,74003,600000000,19,T,5
1676147604.6766012,111,74004,600000000,GPS1_Frame,42.33703774,-71.09139011166667,18.834,1.6,327709.4142250177,4689316.491210992,74004,600000000,19,T,5
1676147605.6762202,112,74005,600000000,GPS1_Frame,42.33703819833333,-71.09138991666667,18.487,1.6,327709.43154168763,4689316.541710313,74005,600000000,19,T,4
1676147606.676115,113,74006,600000000,GPS1_Frame,42.337038181666664,-71.09138991833333,18.482,1.6,327709.4313588636,4689316.539862982,74006,600000000,19,T,4
1676147607.6794524,114,74007,600000000,GPS1_Frame,42.337038193333335,-71.09138985666667,18.459,1.6,327709.43647109496,4689316.541033528,74007,600000000,19,T,4
1676147608.6812406,115,74008,600000000,GPS1_Frame,42.337038328333335,-71.09138977,18.475,2.8,327709.4439797601,4689316.555848648,74008,600000000,19,T,4
1676147609.683423,116,74009,600000000,GPS1_Frame,42.337038275,-71.09138980833333,18.482,1.6,327709.4406760397,4689316.550004058,74009,600000000,19,T,4
1676147610.6812832,117,74010,600000000,GPS1_Frame,42.337038551666666,-71.09139022666666,18.284,1.6,327709.4069675073,4689316.581573414,74010,600000000,19,T,5
1676147611.6852007,118,74011,600000000,GPS1_Frame,42.33703886666667,-71.09139021,18.233,1.6,327709.4092008549,4689316.616517997,74011,600000000,19,T,5
1676147612.6819806,119,74012,600000000,GPS1_Frame,42.33703892333333,-71.09139036166667,18.182,1.6,327709.3968606526,4689316.623117706,74012,600000000,19,T,5
1676147613.6764348,120,74013,600000000,GPS1_Frame,42.33703918166667,-71.09139035166666,18.052,1.7,327709.3983900124,4689316.651783397,74013,600000000,19,T,5
1676147614.6801708,121,74014,600000000,GPS1_Frame,42.337038406666665,-71.09139101666666,17.814,1.6,327709.34148787125,4689316.567072967,74014,600000000,19,T,4
1676147615.6861055,122,74015,600000000,GPS1_Frame,42.33703847333334,-71.091391035,17.819,1.6,327709.3401595609,4689316.574512941,74015,600000000,19,T,4
1676147616.6812086,123,74016,600000000,GPS1_Frame,42.337038416666665,-71.09139101,17.827,1.6,327709.342064411,4689316.5681698825,74016,600000000,19,T,4
1676147617.6793315,124,74017,600000000,GPS1_Frame,42.337038495,-71.09139122333333,17.558,1.6,327709.3247030138,4689316.577300461,74017,600000000,19,T,5
1676147618.6798396,125,74018,600000000,GPS1_Frame,42.33703839333333,-71.09139133333333,17.386,1.6,327709.31536308094,4689316.566234034,74018,600000000,19,T,5
1676147619.6829104,126,74019,600000000,GPS1_Frame,42.33703833333333,-71.09139143833333,17.251,1.6,327709.3065488617,4689316.559784242,74019,600000000,19,T,5
1676147620.6810217,127,74020,600000000,GPS1_Frame,42.33703823333333,-71.091391535,17.084,1.6,327709.29831193725,4689316.548875866,74020,600000000,19,T,5
1676147621.683704,128,74021,600000000,GPS1_Frame,42.33703823166667,-71.09139157166666,16.967,1.6,327709.295286627,4689316.54876509,74021,600000000,19,T,5
1676147622.6800013,129,74022,600000000,GPS1_Frame,42.33703826333333,-71.091391665,16.824,1.6,327709.2876839045,4689316.552470545,74022,600000000,19,T,5
1676147623.6777477,130,74023,600000000,GPS1_Frame,42.337038283333335,-71.091391735,16.725,1.6,327709.2819716197,4689316.554833228,74023,600000000,19,T,5
1676147624.6880524,131,74024,600000000,GPS1_Frame,42.337038183333334,-71.09139183666667,16.595,1.6,327709.2733227726,4689316.543934985,74024,600000000,19,T,5
1676147625.6799512,132,74025,600000000,GPS1_Frame,42.33703812666667,-71.09139191,16.49,1.6,327709.2671264969,4689316.537791172,74025,600000000,19,T,5
1676147626.6798282,133,74026,600000000,GPS1_Frame,42.337038156666665,-71.091391935,16.355,1.6,327709.2651488171,4689316.541173099,74026,600000000,19,T,5
1676147627.6830318,134,74027,600000000,GPS1_Frame,42.337037896666665,-71.091392085,16.172,1.6,327709.25208109815,4689316.512606006,74027,600000000,19,T,5
1676147628.6797752,135,74028,600000000,GPS1_Frame,42.33703762166667,-71.09139225,16.011,1.6,327709.23773664574,4689316.482403672,74028,600000000,19,T,5
1676147629.6834438,136,74029,600000000,GPS1_Frame,42.33703726666667,-71.09139244833334,15.832,1.6,327709.22042756353,4689316.443385488,74029,600000000,19,T,5
1676147630.6784482,137,74030,600000000,GPS1_Frame,42.337036893333334,-71.09139261,15.607,1.6,327709.20608917694,4689316.402257231,74030,600000000,19,T,5
1676147631.679252,138,74031,600000000,GPS1_Frame,42.33703637833333,-71.09139295333334,15.469,1.6,327709.1763973988,4689316.345766063,74031,600000000,19,T,5
1676147632.6757133,139,74032,600000000,GPS1_Frame,42.337036025,-71.09139326,15.306,1.6,327709.1501678964,4689316.307152453,74032,600000000,19,T,5
1676147633.6768737,140,74033,600000000,GPS1_Frame,42.337035791666665,-71.09139348166667,15.121,1.7,327709.1312687916,4689316.281691704,74033,600000000,19,T,5
1676147634.6775484,141,74034,600000000,GPS1_Frame,42.33703530166667,-71.09139376833333,14.91,1.7,327709.1063137374,4689316.227861777,74034,600000000,19,T,5
1676147635.675639,142,74035,600000000,GPS1_Frame,42.33703483666667,-71.09139401666667,14.689,1.7,327709.0845850222,4689316.176730238,74035,600000000,19,T,5
1676147636.6728702,143,74036,600000000,GPS1_Frame,42.33703431833333,-71.091394315,14.475,1.7,327709.0585914359,4689316.11977775,74036,600000000,19,T,5
1676147637.6750166,144,74037,600000000,GPS1_Frame,42.33703387,-71.09139458166666,14.25,1.7,327709.0353978601,4689316.070534066,74037,600000000,19,T,5
1676147638.6792753,145,74038,600000000,GPS1_Frame,42.33703342333333,-71.09139484833334,14.041,1.7,327709.0122088336,4689316.021475452,74038,600000000,19,T,5
1676147639.6707277,146,74039,600000000,GPS1_Frame,42.337032926666666,-71.09139518166667,13.812,1.7,327708.9833909668,4689315.9669998,74039,600000000,19,T,5
1676147640.666838,147,74040,600000000,GPS1_Frame,42.337032486666665,-71.09139542833333,13.592,1.7,327708.961867837,4689315.918640943,74040,600000000,19,T,5
1676147641.6665626,148,74041,600000000,GPS1_Frame,42.337031965,-71.091395695,13.374,1.7,327708.9384739816,4689315.861254152,74041,600000000,19,T,5
1676147642.6633632,149,74042,600000000,GPS1_Frame,42.337031511666666,-71.09139593166667,13.178,1.7,327708.9177382806,4689315.81139447,74042,600000000,19,T,5
1676147643.6679587,150,74043,600000000,GPS1_Frame,42.33703113666667,-71.09139618833333,12.986,1.7,327708.8955688223,4689315.770273633,74043,600000000,19,T,5
1676147644.6672552,151,74044,600000000,GPS1_Frame,42.33703077333333,-71.09139609,12.694,1.6,327708.9026776713,4689315.7297289865,74044,600000000,19,T,5
1676147645.6724448,152,74045,600000000,GPS1_Frame,42.33703033333333,-71.091396185,12.458,1.7,327708.89364950283,4689315.681062823,74045,600000000,19,T,5
1676147646.6731906,153,74046,600000000,GPS1_Frame,42.33702998333333,-71.09139596,12.174,1.6,327708.9112301173,4689315.64174209,74046,600000000,19,T,5
1676147647.6730585,154,74047,600000000,GPS1_Frame,42.337029625,-71.09139609,11.93,1.6,327708.8995415276,4689315.602215306,74047,600000000,19,T,5
1676147648.6717908,155,74048,600000000,GPS1_Frame,42.337029226666665,-71.09139638166667,11.779,1.7,327708.87442489434,4689315.558574396,74048,600000000,19,T,5
1676147649.6717625,156,74049,600000000,GPS1_Frame,42.33702891833333,-71.09139654833334,11.604,1.6,327708.859852095,4689315.524674026,74049,600000000,19,T,5
1676147650.6761174,157,74050,600000000,GPS1_Frame,42.337028525,-71.091396895,11.469,1.6,327708.8302179759,4689315.481699772,74050,600000000,19,T,5
1676147651.6753385,158,74051,600000000,GPS1_Frame,42.33702814,-71.09139722333333,11.334,1.6,327708.8021169925,4689315.439613722,74051,600000000,19,T,5
1676147652.6745505,159,74052,600000000,GPS1_Frame,42.33702773833333,-71.09139758333333,11.207,1.6,327708.7713616529,4689315.39574113,74052,600000000,19,T,5
1676147653.6768,160,74053,600000000,GPS1_Frame,42.33702742333333,-71.09139788,11.081,1.6,327708.74606068025,4689315.361363886,74053,600000000,19,T,5
1676147654.6771686,161,74054,600000000,GPS1_Frame,42.33702708166667,-71.09139818666667,10.972,1.6,327708.7198630385,4689315.3240457745,74054,600000000,19,T,5
1676147655.6771355,162,74055,600000000,GPS1_Frame,42.33702677833333,-71.091398495,10.872,1.6,327708.69363277534,4689315.290987661,74055,600000000,19,T,5
1676147656.6789553,163,74056,600000000,GPS1_Frame,42.33702645166667,-71.09139883,10.758,1.6,327708.66514187376,4689315.255392593,74056,600000000,19,T,5
1676147657.6776006,164,74057,600000000,GPS1_Frame,42.33702609,-71.09139915833333,10.664,1.6,327708.6371046129,4689315.215897535,74057,600000000,19,T,5
1676147658.673477,165,74058,600000000,GPS1_Frame,42.337025925,-71.09139935166667,10.608,1.6,327708.6207263456,4689315.197967273,74058,600000000,19,T,5
1676147659.675107,166,74059,600000000,GPS1_Frame,42.33702587166667,-71.09139944,10.541,1.7,327708.6133034057,4689315.192223994,74059,600000000,19,T,5
1676147660.6823566,167,74060,600000000,GPS1_Frame,42.33702564166666,-71.09139967333333,10.533,1.6,327708.59345224756,4689315.167157027,74060,600000000,19,T,5
1676147661.6769798,168,74061,600000000,GPS1_Frame,42.33702555166666,-71.091399775,10.492,1.6,327708.5848307104,4689315.157369209,74061,600000000,19,T,5
1676147662.6776054,169,74062,600000000,GPS1_Frame,42.33702533,-71.09139995166667,10.378,1.6,327708.56967075635,4689315.133112778,74062,600000000,19,T,5
1676147663.679969,170,74063,600000000,GPS1_Frame,42.337025178333334,-71.09140004,10.308,1.6,327708.5619792637,4689315.11645033,74063,600000000,19,T,5
1676147664.684081,171,74064,600000000,GPS1_Frame,42.337025133333334,-71.09140009166667,10.223,1.6,327708.55759983964,4689315.1115581095,74064,600000000,19,T,5
1676147665.6829937,172,74065,600000000,GPS1_Frame,42.337024983333336,-71.09140017333333,10.174,1.6,327708.5504621282,4689315.095067225,74065,600000000,19,T,5
1676147666.685331,173,74066,600000000,GPS1_Frame,42.337024858333336,-71.09140033833333,10.134,1.6,327708.536527327,4689315.08152125,74066,600000000,19,T,5
1676147667.683871,174,74067,600000000,GPS1_Frame,42.337024735,-71.091400455,10.095,1.6,327708.52657898894,4689315.068062413,74067,600000000,19,T,5
1676147668.6836457,175,74068,600000000,GPS1_Frame,42.337024598333336,-71.09140058333334,10.063,1.6,327708.5156330848,4689315.053146651,74068,600000000,19,T,5
1676147669.678706,176,74069,600000000,GPS1_Frame,42.33702446666667,-71.09140069833333,10.024,1.6,327708.5057992948,4689315.0387590835,74069,600000000,19,T,5
1676147670.6843948,177,74070,600000000,GPS1_Frame,42.337024318333334,-71.091400855,9.989,1.6,327708.4924873054,4689315.022605235,74070,600000000,19,T,5
1676147671.6791203,178,74071,600000000,GPS1_Frame,42.337024371666665,-71.09140086,9.924,1.6,327708.49222103856,4689315.028537626,74071,600000000,19,T,5
1676147672.6683068,179,74072,600000000,GPS1_Frame,42.33702429833333,-71.09140094666667,9.907,1.7,327708.4848807844,4689315.020570124,74072,600000000,19,T,5
1676147673.677911,180,74073,600000000,GPS1_Frame,42.33702417166667,-71.09140104666666,9.85,1.6,327708.47629641544,4689315.006707375,74073,600000000,19,T,5
1676147674.6846814,181,74074,600000000,GPS1_Frame,42.337024095,-71.09140110333334,9.793,1.6,327708.47141858534,4689314.998308944,74074,600000000,19,T,5
1676147675.675653,182,74075,600000000,GPS1_Frame,42.33702392833333,-71.091401245,9.763,1.7,327708.4592922947,4689314.980088924,74075,600000000,19,T,5
1676147676.682919,183,74076,600000000,GPS1_Frame,42.33702369,-71.09140144333334,9.736,1.6,327708.4423018291,4689314.954025688,74076,600000000,19,T,5
1676147677.6852612,184,74077,600000000,GPS1_Frame,42.337023816666665,-71.09140133166666,9.666,1.6,327708.45184735034,4689314.967864797,74077,600000000,19,T,5
1676147678.6891153,185,74078,600000000,GPS1_Frame,42.337023646666665,-71.09140140666666,9.608,1.6,327708.44520424295,4689314.949139554,74078,600000000,19,T,5
1676147679.6862276,186,74079,600000000,GPS1_Frame,42.33702349166666,-71.09140148666667,9.565,1.6,327708.4381901807,4689314.93209008,74079,600000000,19,T,5
1676147680.68844,187,74080,600000000,GPS1_Frame,42.33702346333333,-71.09140153833333,9.53,1.6,327708.43385627586,4689314.929048567,74080,600000000,19,T,5
1676147681.6879075,188,74081,600000000,GPS1_Frame,42.337023378333335,-71.09140167166667,9.495,1.6,327708.42263955483,4689314.919880127,74081,600000000,19,T,5
1676147682.686391,189,74082,600000000,GPS1_Frame,42.33702334,-71.09140171,9.447,1.6,327708.41937679856,4689314.915701172,74082,600000000,19,T,5
1676147683.6841586,190,74083,600000000,GPS1_Frame,42.337023198333334,-71.09140184666667,9.417,1.6,327708.4077307023,4689314.900247083,74083,600000000,19,T,5
1676147684.683302,191,74084,600000000,GPS1_Frame,42.337023138333336,-71.09140198,9.369,1.6,327708.3965822572,4689314.893854701,74084,600000000,19,T,5
1676147685.6849253,192,74085,600000000,GPS1_Frame,42.33702305333333,-71.0914021,9.329,1.6,327708.38646399294,4689314.884659243,74085,600000000,19,T,5
1676147686.681584,193,74086,600000000,GPS1_Frame,42.337022983333334,-71.09140215833334,9.305,1.6,327708.38146706496,4689314.877004472,74086,600000000,19,T,5
1676147687.6783566,194,74087,600000000,GPS1_Frame,42.337022858333334,-71.09140230666667,9.282,1.6,327708.368905338,4689314.863424728,74087,600000000,19,T,5
1676147688.678904,195,74088,600000000,GPS1_Frame,42.33702272,-71.09140247,9.251,1.6,327708.35507142893,4689314.848394812,74088,600000000,19,T,5
1676147689.67795,196,74089,600000000,GPS1_Frame,42.337022626666666,-71.09140259666667,9.228,1.6,327708.3443811763,4689314.838287509,74089,600000000,19,T,5
1676147690.6799035,197,74090,600000000,GPS1_Frame,42.33702258,-71.09140273166666,9.208,1.6,327708.33313183824,4689314.833379071,74090,600000000,19,T,5
1676147691.6795788,198,74091,600000000,GPS1_Frame,42.337022545,-71.09140281666667,9.181,1.6,327708.3260335807,4689314.829664815,74091,600000000,19,T,5
1676147692.6834579,199,74092,600000000,GPS1_Frame,42.33702254166667,-71.09140296166666,9.171,1.6,327708.31407874264,4689314.829588475,74092,600000000,19,T,5
1676147693.6847923,200,74093,600000000,GPS1_Frame,42.33702246,-71.091403145,9.137,1.6,327708.2987519064,4689314.820891484,74093,600000000,19,T,5
1676147694.6861913,201,74094,600000000,GPS1_Frame,42.33702254166667,-71.09140325166666,9.134,1.6,327708.2901872777,4689314.830176076,74094,600000000,19,T,5
1676147695.6858265,202,74095,600000000,GPS1_Frame,42.33702252,-71.09140341166666,9.131,1.6,327708.27694660454,4689314.828094351,74095,600000000,19,T,5
1676147696.686241,203,74096,600000000,GPS1_Frame,42.33702254666667,-71.09140347333333,9.126,1.6,327708.27193906193,4689314.831180433,74096,600000000,19,T,5
1676147697.6856227,204,74097,600000000,GPS1_Frame,42.33702258333334,-71.09140362833334,9.125,1.6,327708.2592696247,4689314.83556605,74097,600000000,19,T,5
1676147698.686725,205,74098,600000000,GPS1_Frame,42.337022596666664,-71.09140371666666,9.143,1.6,327708.2520287541,4689314.837225596,74098,600000000,19,T,5
1676147699.6893768,206,74099,600000000,GPS1_Frame,42.33702259333333,-71.09140382833333,9.156,2.9,327708.24282006174,4689314.837081717,74099,600000000,19,T,5
1676147700.6859632,207,74100,600000000,GPS1_Frame,42.337022565,-71.09140395333333,9.144,2.9,327708.23244463396,4689314.834188793,74100,600000000,19,T,5
1676147701.6842084,208,74101,600000000,GPS1_Frame,42.33702256666667,-71.09140405166667,9.148,2.9,327708.2243480558,4689314.834573108,74101,600000000,19,T,5
1676147702.6830173,209,74102,600000000,GPS1_Frame,42.33702263,-71.09140410333333,9.168,2.9,327708.22026449704,4689314.84171048,74102,600000000,19,T,5
1676147703.6834042,210,74103,600000000,GPS1_Frame,42.33702261333333,-71.09140412833334,9.143,2.9,327708.21815937036,4689314.83991043,74103,600000000,19,T,5
1676147704.6829195,211,74104,600000000,GPS1_Frame,42.33702258,-71.09140424833333,9.158,2.9,327708.20818221214,4689314.836452164,74104,600000000,19,T,5
1676147705.678216,212,74105,600000000,GPS1_Frame,42.33702264833333,-71.091404345,9.161,2.9,327708.20040501084,4689314.844235926,74105,600000000,19,T,5
1676147706.681878,213,74106,600000000,GPS1_Frame,42.337022625,-71.091404435,9.147,2.9,327708.1929266929,4689314.841827297,74106,600000000,19,T,5
1676147707.6807852,214,74107,600000000,GPS1_Frame,42.33702263166667,-71.09140450833333,9.163,2.9,327708.18690338125,4689314.84271617,74107,600000000,19,T,5
1676147708.6814315,215,74108,600000000,GPS1_Frame,42.33702260333333,-71.09140463166666,9.154,2.9,327708.17666526034,4689314.839819867,74108,600000000,19,T,5
1676147709.6801314,216,74109,600000000,GPS1_Frame,42.33702277333333,-71.09140466166667,9.171,2.9,327708.17465800705,4689314.85875786,74109,600000000,19,T,5
1676147710.6813378,217,74110,600000000,GPS1_Frame,42.337022775,-71.09140474833333,9.198,2.9,327708.1675225812,4689314.859118537,74110,600000000,19,T,5
1676147711.6769903,218,74111,600000000,GPS1_Frame,42.3370227,-71.09140481833333,9.197,2.9,327708.16155084746,4689314.850932192,74111,600000000,19,T,5
1676147712.677316,219,74112,600000000,GPS1_Frame,42.337022743333335,-71.09140489666666,9.184,2.9,327708.1552157517,4689314.85590275,74112,600000000,19,T,5
1676147713.6764867,220,74113,600000000,GPS1_Frame,42.337022626666666,-71.09140502666666,9.218,4.0,327708.14418716053,4689314.843211211,74113,600000000,19,T,5
1676147714.680355,221,74114,600000000,GPS1_Frame,42.33702284,-71.09140502833333,9.195,2.9,327708.1446324779,4689314.866903633,74114,600000000,19,T,5
1676147715.6799352,222,74115,600000000,GPS1_Frame,42.337022975,-71.09140504666667,9.197,2.9,327708.143490788,4689314.881931502,74115,600000000,19,T,5
1676147716.6801183,223,74116,600000000,GPS1_Frame,42.33702312333333,-71.09140501666667,9.175,2.9,327708.1463674257,4689314.898342004,74116,600000000,19,T,5
1676147717.6743379,224,74117,600000000,GPS1_Frame,42.33702322833334,-71.09140509333334,9.17,2.9,327708.1403380496,4689314.910156798,74117,600000000,19,T,5
1676147718.6759076,225,74118,600000000,GPS1_Frame,42.337023395,-71.09140508666667,9.16,2.9,327708.1413424564,4689314.928650356,74118,600000000,19,T,5
1676147719.676766,226,74119,600000000,GPS1_Frame,42.33702350666667,-71.09140515166666,9.153,3.0,327708.13629243954,4689314.941181794,74119,600000000,19,T,5
1676147720.6787946,227,74120,600000000,GPS1_Frame,42.33702359666667,-71.09140518833334,9.125,3.0,327708.1335174728,4689314.951249904,74120,600000000,19,T,5
1676147721.6744123,228,74121,600000000,GPS1_Frame,42.337023763333335,-71.09140520333334,9.109,3.0,327708.1327368842,4689314.969787364,74121,600000000,19,T,5
1676147722.6797771,229,74122,600000000,GPS1_Frame,42.33702382166667,-71.09140519,9.103,3.0,327708.1339946524,4689314.97623782,74122,600000000,19,T,5
1676147723.6824307,230,74123,600000000,GPS1_Frame,42.337023925,-71.09140525833334,9.095,3.0,327708.12864726095,4689314.987850657,74123,600000000,19,T,5
1676147724.6831033,231,74124,600000000,GPS1_Frame,42.337024056666664,-71.09140525833334,9.081,3.0,327708.12900684937,4689315.002471239,74124,600000000,19,T,5
1676147725.6811013,232,74125,600000000,GPS1_Frame,42.33702412833333,-71.091405235,9.074,3.0,327708.1311248791,4689315.0103819985,74125,600000000,19,T,5
1676147726.6786497,233,74126,600000000,GPS1_Frame,42.337024256666666,-71.091405225,9.06,3.0,327708.1322992052,4689315.024612177,74126,600000000,19,T,5
1676147727.679995,234,74127,600000000,GPS1_Frame,42.33702438833333,-71.09140523333333,9.022,3.0,327708.1319722593,4689315.039249644,74127,600000000,19,T,5
1676147728.6793165,235,74128,600000000,GPS1_Frame,42.337024531666664,-71.09140523,9.001,3.0,327708.13263832364,4689315.055158966,74128,600000000,19,T,5
1676147729.676344,236,74129,600000000,GPS1_Frame,42.33702469166667,-71.091405265,8.977,3.0,327708.13019183953,4689315.072996667,74129,600000000,19,T,5
1676147730.6855059,237,74130,600000000,GPS1_Frame,42.33702477666667,-71.09140533666667,8.944,3.0,327708.12451976736,4689315.082580482,74130,600000000,19,T,5
1676147731.6745741,238,74131,600000000,GPS1_Frame,42.337024905,-71.09140537166667,8.937,3.0,327708.1219867978,4689315.0969018405,74131,600000000,19,T,5
1676147732.6760478,239,74132,600000000,GPS1_Frame,42.337025028333336,-71.09140546,8.896,1.6,327708.11504634115,4689315.110776052,74132,600000000,19,T,5
1676147733.6755197,240,74133,600000000,GPS1_Frame,42.337025168333334,-71.0914055,8.858,3.0,327708.1121333155,4689315.126403035,74133,600000000,19,T,5
1676147734.6749,241,74134,600000000,GPS1_Frame,42.337025098333335,-71.091405585,8.857,1.8,327708.1049394692,4689315.118802296,74134,600000000,19,T,5
1676147735.6772566,242,74135,600000000,GPS1_Frame,42.337025376666666,-71.09140560333333,8.787,1.6,327708.10418923444,4689315.149746242,74135,600000000,19,T,5
1676147736.6765153,243,74136,600000000,GPS1_Frame,42.337025555,-71.091405615,8.751,1.6,327708.1037151199,4689315.169572441,74136,600000000,19,T,5
1676147737.679408,244,74137,600000000,GPS1_Frame,42.337025645,-71.09140571,8.707,1.6,327708.0961343987,4689315.179758746,74137,600000000,19,T,5
1676147738.6795955,245,74138,600000000,GPS1_Frame,42.33702586,-71.09140571166667,8.655,1.6,327708.096584268,4689315.203636237,74138,600000000,19,T,5
1676147739.6803312,246,74139,600000000,GPS1_Frame,42.33702599666667,-71.091405765,8.628,1.6,327708.0925636799,4689315.218920096,74139,600000000,19,T,5
1676147740.680979,247,74140,600000000,GPS1_Frame,42.337026155,-71.09140582166667,8.591,1.6,327708.08832764666,4689315.236616627,74140,600000000,19,T,5
1676147741.6798425,248,74141,600000000,GPS1_Frame,42.33702629,-71.09140593,8.555,1.6,327708.0797713682,4689315.251826857,74141,600000000,19,T,5
1676147742.675735,249,74142,600000000,GPS1_Frame,42.33702648333333,-71.09140593166667,8.517,1.6,327708.08016206266,4689315.273298429,74142,600000000,19,T,5
1676147743.6741228,250,74143,600000000,GPS1_Frame,42.337026533333336,-71.0914061,8.478,1.6,327708.0664305814,4689315.27919163,74143,600000000,19,T,5
1676147744.674378,251,74144,600000000,GPS1_Frame,42.33702669,-71.091406135,8.438,1.6,327708.06397499406,4689315.296659189,74144,600000000,19,T,5
1676147745.683926,252,74145,600000000,GPS1_Frame,42.33702694,-71.09140622333334,8.407,1.6,327708.05738047103,4689315.324598769,74145,600000000,19,T,5
1676147746.6817544,253,74146,600000000,GPS1_Frame,42.33702715166667,-71.091406265,8.373,1.6,327708.0545258621,4689315.34818717,74146,600000000,19,T,5
1676147747.6835327,254,74147,600000000,GPS1_Frame,42.337027406666664,-71.09140633833333,8.344,1.6,327708.0491807603,4689315.376651567,74147,600000000,19,T,5
1676147748.684105,255,74148,600000000,GPS1_Frame,42.33702745666667,-71.091406405,8.31,1.6,327708.0438250222,4689315.382338769,74148,600000000,19,T,5
1676147749.6874964,256,74149,600000000,GPS1_Frame,42.337027605,-71.09140653,8.286,1.6,327708.0339320833,4689315.399063333,74149,600000000,19,T,5
1676147750.6821108,257,74150,600000000,GPS1_Frame,42.337027766666665,-71.09140657166667,8.254,1.6,327708.03094092174,4689315.417099614,74150,600000000,19,T,5
1676147751.6898737,258,74151,600000000,GPS1_Frame,42.33702792333333,-71.091406675,8.211,1.6,327708.022855737,4689315.43470563,74151,600000000,19,T,5
1676147752.6863577,259,74152,600000000,GPS1_Frame,42.33702809333333,-71.09140675,8.181,1.6,327708.017141187,4689315.453734803,74152,600000000,19,T,5
1676147753.6786094,260,74153,600000000,GPS1_Frame,42.337028251666666,-71.09140689833333,8.147,1.6,327708.0053532566,4689315.471617072,74153,600000000,19,T,5
1676147754.6777503,261,74154,600000000,GPS1_Frame,42.33702840666667,-71.09140696333333,8.125,1.6,327708.0004215882,4689315.488960347,74154,600000000,19,T,5
1676147755.681495,262,74155,600000000,GPS1_Frame,42.337028491666665,-71.09140709166667,8.091,1.6,327707.99008106696,4689315.498658981,74155,600000000,19,T,5
1676147756.6819043,263,74156,600000000,GPS1_Frame,42.337028625,-71.09140708166667,8.081,3.0,327707.9912690507,4689315.5134443715,74156,600000000,19,T,5
1676147757.6795223,264,74157,600000000,GPS1_Frame,42.33702884833333,-71.09140715166667,8.075,3.0,327707.9861120817,4689315.538385673,74157,600000000,19,T,5
1676147758.6774297,265,74158,600000000,GPS1_Frame,42.337028875,-71.09140724166667,8.05,3.0,327707.97877031704,4689315.541529164,74158,600000000,19,T,5
1676147759.6783972,266,74159,600000000,GPS1_Frame,42.337029046666665,-71.09140727,8.034,3.0,327707.9769049253,4689315.560648849,74159,600000000,19,T,5
1676147760.6803493,267,74160,600000000,GPS1_Frame,42.337029055,-71.09140734666667,8.018,1.6,327707.9706115483,4689315.5617295485,74160,600000000,19,T,5
1676147761.6784172,268,74161,600000000,GPS1_Frame,42.33702917,-71.09140738333333,8.007,1.6,327707.9679048605,4689315.574573717,74161,600000000,19,T,5
1676147762.6826372,269,74162,600000000,GPS1_Frame,42.337029355,-71.09140744833333,8.006,3.0,327707.9630551218,4689315.595248263,74162,600000000,19,T,5
1676147763.688473,270,74163,600000000,GPS1_Frame,42.33702944833333,-71.09140750333333,8.016,3.0,327707.9587788817,4689315.605723663,74163,600000000,19,T,5
1676147764.685066,271,74164,600000000,GPS1_Frame,42.337029531666666,-71.091407565,8.009,3.0,327707.9539260996,4689315.615102146,74164,600000000,19,T,5
1676147765.6919832,272,74165,600000000,GPS1_Frame,42.33702961,-71.09140765,8.021,3.0,327707.9471373621,4689315.623972694,74165,600000000,19,T,5
1676147766.690005,273,74166,600000000,GPS1_Frame,42.33702977833333,-71.091407665,8.031,3.0,327707.9463613239,4689315.642695224,74166,600000000,19,T,5
1676147767.6856346,274,74167,600000000,GPS1_Frame,42.337029835,-71.09140776333334,8.031,3.0,327707.9384149547,4689315.649186871,74167,600000000,19,T,5
1676147768.6866639,275,74168,600000000,GPS1_Frame,42.33702997333334,-71.09140773333333,8.068,3.0,327707.9412642822,4689315.664486949,74168,600000000,19,T,5
1676147769.6877532,276,74169,600000000,GPS1_Frame,42.33703006333333,-71.09140780166666,8.078,3.0,327707.93588047975,4689315.674619222,74169,600000000,19,T,5
1676147770.6877997,277,74170,600000000,GPS1_Frame,42.337030245,-71.091407765,8.089,3.0,327707.9393973803,4689315.694717629,74170,600000000,19,T,5
1676147771.6839085,278,74171,600000000,GPS1_Frame,42.33703034,-71.0914078,8.087,3.0,327707.9367733784,4689315.705337574,74171,600000000,19,T,5
1676147772.689144,279,74172,600000000,GPS1_Frame,42.33703045833333,-71.09140786166667,8.09,3.0,327707.9320161833,4689315.71860254,74172,600000000,19,T,5
1676147773.6887841,280,74173,600000000,GPS1_Frame,42.33703064,-71.09140783666666,8.08,3.0,327707.9345719359,4689315.7387245875,74173,600000000,19,T,5
1676147774.6843526,281,74174,600000000,GPS1_Frame,42.33703076333333,-71.09140781166667,8.09,3.0,327707.9369683729,4689315.752369159,74174,600000000,19,T,5
1676147775.6862874,282,74175,600000000,GPS1_Frame,42.337030825,-71.09140787833333,8.121,3.0,327707.93164449744,4689315.759351856,74175,600000000,19,T,5
1676147776.6822898,283,74176,600000000,GPS1_Frame,42.337030891666664,-71.09140788333333,8.105,3.0,327707.9314146473,4689315.766764812,74176,600000000,19,T,5
1676147777.6859381,284,74177,600000000,GPS1_Frame,42.337031223333334,-71.09140775333333,8.095,2.0,327707.94303041435,4689315.803330463,74177,600000000,19,T,5
1676147778.6808481,285,74178,600000000,GPS1_Frame,42.33703130333333,-71.0914078,8.077,3.0,327707.9394042946,4689315.812308412,74178,600000000,19,T,5
1676147779.6823676,286,74179,600000000,GPS1_Frame,42.33703161166667,-71.091407725,8.072,2.0,327707.94642519654,4689315.8463945165,74179,600000000,19,T,5
1676147780.691783,287,74180,600000000,GPS1_Frame,42.33703207166667,-71.09140766166666,8.054,2.0,327707.9528991563,4689315.897345691,74180,600000000,19,T,5
1676147781.6838078,288,74181,600000000,GPS1_Frame,42.33703232,-71.091407625,8.026,3.0,327707.956598127,4689315.924846922,74181,600000000,19,T,5
1676147782.683262,289,74182,600000000,GPS1_Frame,42.33703249333333,-71.09140758833334,8.04,3.0,327707.9600922708,4689315.944019975,74182,600000000,19,T,5
1676147783.6843526,290,74183,600000000,GPS1_Frame,42.337032496666666,-71.09140753,8.015,2.0,327707.96490712836,4689315.944271921,74183,600000000,19,T,5
1676147784.6870668,291,74184,600000000,GPS1_Frame,42.337032793333336,-71.09140745833334,8.02,2.0,327707.9716215541,4689315.977069286,74184,600000000,19,T,5
1676147785.6854997,292,74185,600000000,GPS1_Frame,42.33703291,-71.09140740333333,8.003,3.1,327707.97647131747,4689315.98991279,74185,600000000,19,T,5
1676147786.6802368,293,74186,600000000,GPS1_Frame,42.33703304666667,-71.09140726833333,8.02,3.1,327707.9879664489,4689316.004815044,74186,600000000,19,T,5
1676147787.6865954,294,74187,600000000,GPS1_Frame,42.337033186666666,-71.09140718166667,8.035,3.1,327707.995488773,4689316.020185374,74187,600000000,19,T,5
1676147788.687254,295,74188,600000000,GPS1_Frame,42.33703342333333,-71.091407135,8.054,2.0,327707.99997972645,4689316.046370848,74188,600000000,19,T,5
1676147789.6818104,296,74189,600000000,GPS1_Frame,42.33703373666667,-71.09140694166666,8.053,2.0,327708.0167631,4689316.080772396,74189,600000000,19,T,5
1676147790.6846392,297,74190,600000000,GPS1_Frame,42.33703498333333,-71.091406335,8.329,2.0,327708.07014765195,4689316.217976006,74190,600000000,19,T,4
1676147791.6837697,298,74191,600000000,GPS1_Frame,42.337035075,-71.09140630166667,8.326,2.0,327708.07314414356,4689316.228087353,74191,600000000,19,T,4
1676147792.6843514,299,74192,600000000,GPS1_Frame,42.33703503666667,-71.09140628333333,8.318,2.0,327708.0745498346,4689316.22379358,74192,600000000,19,T,4
1676147793.6832373,300,74193,600000000,GPS1_Frame,42.33703503666667,-71.09140629166667,8.304,2.0,327708.07386329834,4689316.223810465,74193,600000000,19,T,4
1676147794.6828003,301,74194,600000000,GPS1_Frame,42.337035136666664,-71.09140618666666,8.344,1.6,327708.08278676134,4689316.23470195,74194,600000000,19,T,4
1676147795.6846132,302,74195,600000000,GPS1_Frame,42.33703507166667,-71.09140625166667,8.338,2.0,327708.0772542576,4689316.2276159,74195,600000000,19,T,4
1676147796.6830876,303,74196,600000000,GPS1_Frame,42.33703499166667,-71.09140626333334,8.31,2.0,327708.0760746234,4689316.218756149,74196,600000000,19,T,4
1676147797.6828508,304,74197,600000000,GPS1_Frame,42.33703509833333,-71.09140626166666,8.337,2.0,327708.0765032447,4689316.230597291,74197,600000000,19,T,4
1676147798.6821496,305,74198,600000000,GPS1_Frame,42.337035496666665,-71.09140589166667,8.011,3.1,327708.10807332303,4689316.274079477,74198,600000000,19,T,5
1676147799.681337,306,74199,600000000,GPS1_Frame,42.337035715,-71.09140571333333,8.027,2.0,327708.1233614799,4689316.297962392,74199,600000000,19,T,5
1676147800.6819406,307,74200,600000000,GPS1_Frame,42.33703594,-71.09140559,8.008,2.0,327708.13413670356,4689316.3226970285,74200,600000000,19,T,5
1676147801.6827507,308,74201,600000000,GPS1_Frame,42.337036165,-71.09140547,7.989,2.0,327708.14463731355,4689316.347438422,74201,600000000,19,T,5
1676147802.6816983,309,74202,600000000,GPS1_Frame,42.33703635333333,-71.09140539,7.939,3.1,327708.1517424063,4689316.368189309,74202,600000000,19,T,4
1676147803.681392,310,74203,600000000,GPS1_Frame,42.33703653,-71.09140518833334,7.991,1.6,327708.16883907095,4689316.387398178,74203,600000000,19,T,5
1676147804.6833346,311,74204,600000000,GPS1_Frame,42.337037575,-71.09140298666667,8.215,1.6,327708.3530758984,4689316.498976426,74204,600000000,19,T,4
1676147805.6840942,312,74205,600000000,GPS1_Frame,42.33703759666667,-71.09140296166666,8.227,1.6,327708.3551946777,4689316.501331691,74205,600000000,19,T,4
1676147806.6830506,313,74206,600000000,GPS1_Frame,42.33703768666667,-71.091402925,8.228,1.6,327708.3584612328,4689316.511251211,74206,600000000,19,T,4
1676147807.6811836,314,74207,600000000,GPS1_Frame,42.337037611666666,-71.09140299,8.223,1.6,327708.35290141904,4689316.503054736,74207,600000000,19,T,4
1676147808.6840608,315,74208,600000000,GPS1_Frame,42.33703761666666,-71.09140301666666,8.208,1.6,327708.35071816086,4689316.5036639795,74208,600000000,19,T,4
1676147809.6819458,316,74209,600000000,GPS1_Frame,42.337037663333334,-71.091403,8.207,1.6,327708.3522186823,4689316.508812188,74209,600000000,19,T,4
1676147810.6815228,317,74210,600000000,GPS1_Frame,42.337037691666666,-71.09140298666667,8.212,1.6,327708.3533945208,4689316.511931372,74210,600000000,19,T,4
1676147811.6841629,318,74211,600000000,GPS1_Frame,42.337037635,-71.09140298833333,8.215,1.6,327708.3531024545,4689316.505642348,74211,600000000,19,T,4
1676147812.681365,319,74212,600000000,GPS1_Frame,42.337038316666664,-71.09140392833334,8.02,1.6,327708.277522831,4689316.583240887,74212,600000000,19,T,5
1676147813.6806338,320,74213,600000000,GPS1_Frame,42.337038426666666,-71.091403825,8.05,1.6,327708.28633629484,4689316.595246173,74213,600000000,19,T,5
1676147814.6813738,321,74214,600000000,GPS1_Frame,42.337038463333336,-71.09140367333333,8.074,1.6,327708.2989313922,4689316.599010421,74214,600000000,19,T,5
1676147815.680858,322,74215,600000000,GPS1_Frame,42.33703863666667,-71.09140353833334,8.097,1.6,327708.3105266605,4689316.617984229,74215,600000000,19,T,5
1676147816.6824062,323,74216,600000000,GPS1_Frame,42.337038678333336,-71.09140342333333,8.122,1.6,327708.3201146545,4689316.622377981,74216,600000000,19,T,5
1676147817.681628,324,74217,600000000,GPS1_Frame,42.337038805,-71.091403255,8.147,1.6,327708.3343286207,4689316.63610227,74217,600000000,19,T,5
1676147818.6804357,325,74218,600000000,GPS1_Frame,42.337039115,-71.09140311166666,8.138,1.6,327708.3469836685,4689316.670234989,74218,600000000,19,T,5
1676147819.681418,326,74219,600000000,GPS1_Frame,42.33703920833333,-71.091403105,8.133,1.6,327708.3477877958,4689316.6805854365,74219,600000000,19,T,5
1676147820.6821263,327,74220,600000000,GPS1_Frame,42.33703943,-71.09140298166666,8.124,1.6,327708.3585539147,4689316.704949933,74220,600000000,19,T,5
1676147821.6802,328,74221,600000000,GPS1_Frame,42.337039518333334,-71.09140295333333,8.11,1.6,327708.36112938175,4689316.714701269,74221,600000000,19,T,5
1676147822.6841977,329,74222,600000000,GPS1_Frame,42.33703968166667,-71.09140281666667,8.096,1.6,327708.37283464614,4689316.732561278,74222,600000000,19,T,5
1676147823.6810806,330,74223,600000000,GPS1_Frame,42.337039725,-71.09140287166667,8.08,1.6,327708.3684218517,4689316.737484557,74223,600000000,19,T,5
1676147824.6813147,331,74224,600000000,GPS1_Frame,42.337039823333335,-71.09140277666667,8.055,1.6,327708.3765169168,4689316.748211236,74224,600000000,19,T,5
1676147825.6815398,332,74225,600000000,GPS1_Frame,42.337039778333335,-71.09140271833333,8.059,1.6,327708.38119977515,4689316.743096131,74225,600000000,19,T,5
1676147826.6783538,333,74226,600000000,GPS1_Frame,42.337039885,-71.0914027,8.045,1.6,327708.3830014663,4689316.7549035065,74226,600000000,19,T,5
1676147827.67958,334,74227,600000000,GPS1_Frame,42.33703992,-71.09140264333334,8.013,1.6,327708.3877654975,4689316.758675171,74227,600000000,19,T,5
1676147828.6852236,335,74228,600000000,GPS1_Frame,42.337039931666666,-71.09140263,7.989,1.6,327708.3888958185,4689316.759943649,74228,600000000,19,T,5
1676147829.6843,336,74229,600000000,GPS1_Frame,42.337039991666664,-71.09140256166667,8.007,1.6,327708.39468927786,4689316.766467733,74229,600000000,19,T,5
1676147830.6800914,337,74230,600000000,GPS1_Frame,42.337040003333335,-71.09140247166667,8.012,1.6,327708.40213573363,4689316.767580869,74230,600000000,19,T,5
1676147831.67812,338,74231,600000000,GPS1_Frame,42.33703997333333,-71.09140242666666,8.022,1.6,327708.40576109686,4689316.764158419,74231,600000000,19,T,5
1676147832.6819835,339,74232,600000000,GPS1_Frame,42.33703990833333,-71.09140239166666,8.037,1.6,327708.4084670325,4689316.7568697445,74232,600000000,19,T,5
1676147833.6793191,340,74233,600000000,GPS1_Frame,42.337039915,-71.0914023,8.057,1.6,327708.41603713564,4689316.757424291,74233,600000000,19,T,5
1676147834.6796167,341,74234,600000000,GPS1_Frame,42.33703995,-71.09140222,8.058,1.6,327708.4227234707,4689316.761148678,74234,600000000,19,T,5
1676147835.6797004,342,74235,600000000,GPS1_Frame,42.337039878333336,-71.09140216833333,8.048,1.6,327708.4267842697,4689316.753085952,74235,600000000,19,T,5
1676147836.6767495,343,74236,600000000,GPS1_Frame,42.33703986,-71.09140215333333,8.082,1.6,327708.4279699661,4689316.751019781,74236,600000000,19,T,5
1676147837.6782029,344,74237,600000000,GPS1_Frame,42.337039821666664,-71.09140205833333,8.065,1.6,327708.4356917899,4689316.746570666,74237,600000000,19,T,5
1676147838.677264,345,74238,600000000,GPS1_Frame,42.33703979333333,-71.091402025,8.089,1.6,327708.43836055504,4689316.7433569245,74238,600000000,19,T,5
1676147839.674506,346,74239,600000000,GPS1_Frame,42.337039698333335,-71.09140200166667,8.053,1.6,327708.44002340524,4689316.732760618,74239,600000000,19,T,5
1676147840.6749382,347,74240,600000000,GPS1_Frame,42.337039618333336,-71.09140195666667,8.055,1.6,327708.4435122182,4689316.723786049,74240,600000000,19,T,5
1676147841.6777291,348,74241,600000000,GPS1_Frame,42.337039618333336,-71.09140194166666,8.071,1.6,327708.44474798377,4689316.723755655,74241,600000000,19,T,5
1676147842.6785042,349,74242,600000000,GPS1_Frame,42.33703959166667,-71.09140187,8.054,1.6,327708.450579366,4689316.720649313,74242,600000000,19,T,5
1676147843.6774738,350,74243,600000000,GPS1_Frame,42.33703961,-71.09140179,8.059,1.6,327708.4572201836,4689316.722522993,74243,600000000,19,T,5
1676147844.6834896,351,74244,600000000,GPS1_Frame,42.33703952333333,-71.091401775,8.044,1.6,327708.45821925846,4689316.712868925,74244,600000000,19,T,5
1676147845.6813653,352,74245,600000000,GPS1_Frame,42.3370395,-71.09140174333334,8.032,1.6,327708.4607643721,4689316.710213774,74245,600000000,19,T,5
1676147846.6754868,353,74246,600000000,GPS1_Frame,42.337039481666665,-71.091401785,8.012,1.6,327708.45728161966,4689316.708262421,74246,600000000,19,T,5
1676147847.676116,354,74247,600000000,GPS1_Frame,42.337039485,-71.091401765,7.995,1.6,327708.4589384113,4689316.708592039,74247,600000000,19,T,5
1676147848.674709,355,74248,600000000,GPS1_Frame,42.337039473333334,-71.091401765,7.995,1.6,327708.45890654915,4689316.707296545,74248,600000000,19,T,5
1676147849.6817024,356,74249,600000000,GPS1_Frame,42.33703951166667,-71.09140170833334,7.987,1.6,327708.46367968596,4689316.71143835,74249,600000000,19,T,5
1676147850.6808994,357,74250,600000000,GPS1_Frame,42.337039501666666,-71.09140178166666,7.983,1.6,327708.4576108564,4689316.710476515,74250,600000000,19,T,5
1676147851.6835752,358,74251,600000000,GPS1_Frame,42.33703936333333,-71.091401835,7.976,1.6,327708.45283922856,4689316.695223715,74251,600000000,19,T,5
1676147852.6810036,359,74252,600000000,GPS1_Frame,42.337038838333335,-71.09140204833334,7.841,1.6,327708.4338301005,4689316.6373587195,74252,600000000,19,T,4
1676147853.684992,360,74253,600000000,GPS1_Frame,42.33703886166667,-71.09140206,7.84,1.6,327708.43293267715,4689316.639973346,74253,600000000,19,T,4
1676147854.685621,361,74254,600000000,GPS1_Frame,42.337038865,-71.09140199666666,7.846,1.6,327708.43815945473,4689316.64021516,74254,600000000,19,T,4
1676147855.693169,362,74255,600000000,GPS1_Frame,42.337038895,-71.09140200333333,7.837,1.6,327708.43769215676,4689316.643559941,74255,600000000,19,T,4
1676147856.6862807,363,74256,600000000,GPS1_Frame,42.33703887,-71.09140202833333,7.837,1.6,327708.4355642719,4689316.640834536,74256,600000000,19,T,4
1676147857.6832895,364,74257,600000000,GPS1_Frame,42.337038883333335,-71.091402,7.848,1.6,327708.4379349082,4689316.642257694,74257,600000000,19,T,4
1676147858.6845076,365,74258,600000000,GPS1_Frame,42.33703896833333,-71.09140195833334,7.85,1.6,327708.44159973034,4689316.65161187,74258,600000000,19,T,4
1676147859.6826453,366,74259,600000000,GPS1_Frame,42.337038928333335,-71.09140198833333,7.849,1.6,327708.43901895726,4689316.64723096,74259,600000000,19,T,4
1676147860.6806517,367,74260,600000000,GPS1_Frame,42.3370389,-71.09140195,7.84,1.6,327708.44209964294,4689316.644007089,74260,600000000,19,T,4
1676147861.687431,368,74261,600000000,GPS1_Frame,42.33703881666667,-71.091402005,7.824,1.6,327708.4373409179,4689316.634864999,74261,600000000,19,T,4
1676147862.6776361,369,74262,600000000,GPS1_Frame,42.33703885333333,-71.091402005,7.818,1.6,327708.43744105625,4689316.638936552,74262,600000000,19,T,4
1676147863.6768675,370,74263,600000000,GPS1_Frame,42.337038865,-71.091401985,7.836,1.6,327708.4391206046,4689316.6401915215,74263,600000000,19,T,4
1676147864.6765509,371,74264,600000000,GPS1_Frame,42.33703886333333,-71.09140196666667,7.832,1.6,327708.4406264321,4689316.639969304,74264,600000000,19,T,4
1676147865.6792462,372,74265,600000000,GPS1_Frame,42.337038985,-71.09140194,7.866,3.2,327708.4431556271,4689316.65342543,74265,600000000,19,T,4
1676147866.6779542,373,74266,600000000,GPS1_Frame,42.337039006666664,-71.09140192666666,7.859,3.2,327708.44431325863,4689316.655804331,74266,600000000,19,T,4
1676147867.6897392,374,74267,600000000,GPS1_Frame,42.33703906833333,-71.09140191833333,7.858,3.2,327708.4451682073,4689316.662635061,74267,600000000,19,T,4
1676147868.6778486,375,74268,600000000,GPS1_Frame,42.337039086666664,-71.09140188833334,7.868,3.2,327708.44768980774,4689316.664610051,74268,600000000,19,T,4
1676147869.6780453,376,74269,600000000,GPS1_Frame,42.337039053333335,-71.091401875,7.854,3.2,327708.4486972316,4689316.660881623,74269,600000000,19,T,4
1676147870.6803925,377,74270,600000000,GPS1_Frame,42.337039055,-71.09140185333334,7.86,3.2,327708.45048677624,4689316.661022792,74270,600000000,19,T,4
1676147871.68039,378,74271,600000000,GPS1_Frame,42.337039045,-71.09140186166667,7.856,3.2,327708.44977292954,4689316.659929252,74271,600000000,19,T,4
1676147872.6813087,379,74272,600000000,GPS1_Frame,42.337039025,-71.091401865,7.85,3.2,327708.4494436949,4689316.6577151595,74272,600000000,19,T,4
1676147873.6821134,380,74273,600000000,GPS1_Frame,42.337039015,-71.09140189833333,7.851,3.2,327708.4466702396,4689316.656672276,74273,600000000,19,T,4
1676147874.6806953,381,74274,600000000,GPS1_Frame,42.33703918166667,-71.09140182833333,7.866,3.2,327708.45289231965,4689316.675037507,74274,600000000,19,T,4
1676147875.679267,382,74275,600000000,GPS1_Frame,42.33703911166667,-71.09140183666666,7.844,3.2,327708.452014608,4689316.667281425,74275,600000000,19,T,4
1676147876.6804044,383,74276,600000000,GPS1_Frame,42.33703918333333,-71.091401875,7.858,3.2,327708.44905226777,4689316.675317133,74276,600000000,19,T,4
1676147877.6781182,384,74277,600000000,GPS1_Frame,42.337039053333335,-71.09140187333334,7.85,3.2,327708.44883453846,4689316.660878246,74277,600000000,19,T,4
1676147878.6801445,385,74278,600000000,GPS1_Frame,42.33703916,-71.09140184666667,7.86,3.2,327708.4513227657,4689316.672668736,74278,600000000,19,T,4
1676147879.6813855,386,74279,600000000,GPS1_Frame,42.33703913,-71.09140115166667,8.088,3.2,327708.5084979558,4689316.667929246,74279,600000000,19,T,5
1676147880.6806633,387,74280,600000000,GPS1_Frame,42.33703904833333,-71.09140113,8.071,2.1,327708.5100599153,4689316.658816882,74280,600000000,19,T,5
1676147881.6775067,388,74281,600000000,GPS1_Frame,42.337039055,-71.09140105,8.073,2.1,327708.5166688708,4689316.659395067,74281,600000000,19,T,5
1676147882.6773353,389,74282,600000000,GPS1_Frame,42.337039143333335,-71.09140098666667,8.074,2.1,327708.52212778723,4689316.669075485,74282,600000000,19,T,5
1676147883.6796343,390,74283,600000000,GPS1_Frame,42.33703929166667,-71.09140086333333,8.086,3.2,327708.5326936288,4689316.685296874,74283,600000000,19,T,5
1676147884.6772015,391,74284,600000000,GPS1_Frame,42.33703907333334,-71.091400845,8.084,2.1,327708.53360772965,4689316.661015471,74284,600000000,19,T,5
1676147885.6763108,392,74285,600000000,GPS1_Frame,42.33703921833333,-71.09140075166667,8.084,2.1,327708.5416929386,4689316.676927504,74285,600000000,19,T,5
1676147886.6790097,393,74286,600000000,GPS1_Frame,42.33703924333334,-71.091400705,8.064,2.1,327708.5456058163,4689316.679609008,74286,600000000,19,T,5
1676147887.6765902,394,74287,600000000,GPS1_Frame,42.33703926333333,-71.09140064166667,8.061,3.2,327708.55087811116,4689316.68170153,74287,600000000,19,T,5
1676147888.6772602,395,74288,600000000,GPS1_Frame,42.337039176666664,-71.09140061833334,8.043,3.2,327708.55256372446,4689316.6720305765,74288,600000000,19,T,5
1676147889.677739,396,74289,600000000,GPS1_Frame,42.337039335,-71.09140054166667,8.068,3.2,327708.5593122707,4689316.689456947,74289,600000000,19,T,5
1676147890.6766934,397,74290,600000000,GPS1_Frame,42.33703924,-71.091400495,8.064,3.2,327708.56289742497,4689316.6788133625,74290,600000000,19,T,5
1676147891.681567,398,74291,600000000,GPS1_Frame,42.33703923666667,-71.091400425,8.066,3.2,327708.56865522487,4689316.678301386,74291,600000000,19,T,5
1676147892.6847374,399,74292,600000000,GPS1_Frame,42.33703921,-71.09140036333334,8.074,3.2,327708.57366276626,4689316.675215307,74292,600000000,19,T,5
1676147893.6854105,400,74293,600000000,GPS1_Frame,42.33703920333333,-71.091400315,8.086,3.2,327708.5776264697,4689316.67437709,74293,600000000,19,T,5
1676147894.6861145,401,74294,600000000,GPS1_Frame,42.337039053333335,-71.09140030333333,8.07,3.2,327708.5781779649,4689316.657697093,74294,600000000,19,T,5
1676147895.684577,402,74295,600000000,GPS1_Frame,42.33703911333333,-71.09140026166666,8.062,2.1,327708.5817745066,4689316.664275209,74295,600000000,19,T,5
1676147896.6846876,403,74296,600000000,GPS1_Frame,42.337039005,-71.09140031833333,8.051,3.2,327708.5768101987,4689316.652360436,74296,600000000,19,T,5
1676147897.6813545,404,74297,600000000,GPS1_Frame,42.337039108333336,-71.091400225,8.066,2.1,327708.5847816119,4689316.663645704,74297,600000000,19,T,5
1676147898.6823983,405,74298,600000000,GPS1_Frame,42.33703911333333,-71.091400125,8.037,3.2,327708.59303370176,4689316.663998294,74298,600000000,19,T,5
1676147899.6825557,406,74299,600000000,GPS1_Frame,42.337038953333334,-71.09140011333334,8.021,3.2,327708.59355788433,4689316.646207872,74299,600000000,19,T,5
1676147900.6830566,407,74300,600000000,GPS1_Frame,42.337038885,-71.09140005333333,8.028,3.2,327708.5983143253,4689316.638498403,74300,600000000,19,T,5
1676147901.682053,408,74301,600000000,GPS1_Frame,42.337038836666665,-71.09140003,8.049,3.2,327708.6001046246,4689316.6330840755,74301,600000000,19,T,5
1676147902.68226,409,74302,600000000,GPS1_Frame,42.337038755,-71.09139996,8.037,3.2,327708.6056484948,4689316.62387378,74302,600000000,19,T,5
1676147903.6862378,410,74303,600000000,GPS1_Frame,42.337038705,-71.09139993166667,8.035,3.2,327708.6078461648,4689316.61826425,74303,600000000,19,T,5
1676147904.6895714,411,74304,600000000,GPS1_Frame,42.337038525,-71.09139993166667,8.022,3.2,327708.6073545767,4689316.59827662,74304,600000000,19,T,5
1676147905.6876373,412,74305,600000000,GPS1_Frame,42.337038488333334,-71.09139985166667,8.042,3.2,327708.613845187,4689316.594042969,74305,600000000,19,T,5
1676147906.6817865,413,74306,600000000,GPS1_Frame,42.33703832333333,-71.091399845,8.029,3.2,327708.6139437939,4689316.5757074645,74306,600000000,19,T,5
1676147907.6969426,414,74307,600000000,GPS1_Frame,42.33703832,-71.09139978333333,8.048,3.2,327708.6190150577,4689316.575212374,74307,600000000,19,T,5
1676147908.684024,415,74308,600000000,GPS1_Frame,42.33703819,-71.091399765,8.042,3.2,327708.6201704012,4689316.560739715,74308,600000000,19,T,5
1676147909.67739,416,74309,600000000,GPS1_Frame,42.33703808833334,-71.09139984833334,8.074,3.4,327708.6130273827,4689316.5496192565,74309,600000000,19,T,5
1676147910.6815321,417,74310,600000000,GPS1_Frame,42.33703805166667,-71.09139980333333,8.065,3.3,327708.6166345412,4689316.545456523,74310,600000000,19,T,5
1676147911.6811156,418,74311,600000000,GPS1_Frame,42.337038085,-71.09139969,8.057,3.3,327708.62606246956,4689316.548928299,74311,600000000,19,T,5
1676147912.6773715,419,74312,600000000,GPS1_Frame,42.33703799,-71.09139976333333,8.057,3.4,327708.6197615011,4689316.53852786,74312,600000000,19,T,5
1676147913.6784568,420,74313,600000000,GPS1_Frame,42.33703792833333,-71.09139973333333,8.029,3.3,327708.62206461583,4689316.531619458,74313,600000000,19,T,5
1676147914.6828094,421,74314,600000000,GPS1_Frame,42.337037781666666,-71.09139977333334,8.056,3.3,327708.61836869037,4689316.51541429,74314,600000000,19,T,5
1676147915.6780798,422,74315,600000000,GPS1_Frame,42.33703777833333,-71.09139975333333,8.045,3.3,327708.62000727304,4689316.515003626,74315,600000000,19,T,5
1676147916.6784124,423,74316,600000000,GPS1_Frame,42.33703781333333,-71.09139970833333,8.001,3.3,327708.6238101565,4689316.51879893,74316,600000000,19,T,5
1676147917.679802,424,74317,600000000,GPS1_Frame,42.33703777,-71.09139962666667,7.975,3.3,327708.6304198646,4689316.513821619,74317,600000000,19,T,5
1676147918.6868656,425,74318,600000000,GPS1_Frame,42.337037745,-71.09139958,7.962,3.3,327708.63419619226,4689316.510951003,74318,600000000,19,T,5
1676147919.6813695,426,74319,600000000,GPS1_Frame,42.33703760833333,-71.09139958666667,7.95,3.3,327708.63327372004,4689316.495788717,74319,600000000,19,T,5
1676147920.6826844,427,74320,600000000,GPS1_Frame,42.337037603333336,-71.09139958166666,7.957,3.3,327708.63367198745,4689316.495223374,74320,600000000,19,T,5
1676147921.6822689,428,74321,600000000,GPS1_Frame,42.33703748333333,-71.09139957666666,7.945,3.3,327708.6337561847,4689316.481888155,74321,600000000,19,T,5
1676147922.6827643,429,74322,600000000,GPS1_Frame,42.33703737166667,-71.09139962166667,7.921,3.3,327708.6297439211,4689316.469579602,74322,600000000,19,T,5
1676147923.690235,430,74323,600000000,GPS1_Frame,42.337037321666664,-71.09139957333333,7.951,3.3,327708.6335892795,4689316.463929548,74323,600000000,19,T,5
1676147924.6800709,431,74324,600000000,GPS1_Frame,42.337037366666664,-71.09139948166667,7.889,3.3,327708.64126407297,4689316.468740719,74324,600000000,19,T,5
1676147925.6759531,432,74325,600000000,GPS1_Frame,42.33703723166666,-71.09139954,7.892,3.3,327708.6360896303,4689316.453868192,74325,600000000,19,T,5
1676147926.678891,433,74326,600000000,GPS1_Frame,42.337037353333336,-71.09139944,7.902,3.3,327708.64466034225,4689316.467175729,74326,600000000,19,T,5
1676147927.679493,434,74327,600000000,GPS1_Frame,42.33703719166667,-71.091399465,7.875,3.3,327708.6421592147,4689316.449274531,74327,600000000,19,T,5
1676147928.6790676,435,74328,600000000,GPS1_Frame,42.337037195,-71.09139939666667,7.848,3.3,327708.6477979149,4689316.449506215,74328,600000000,19,T,5
1676147929.678333,436,74329,600000000,GPS1_Frame,42.337037198333334,-71.09139933166666,7.84,3.3,327708.6531620015,4689316.449744652,74329,600000000,19,T,5
1676147930.679021,437,74330,600000000,GPS1_Frame,42.33703727666666,-71.09139925,7.833,3.3,327708.6601039888,4689316.458277498,74330,600000000,19,T,5
1676147931.6845121,438,74331,600000000,GPS1_Frame,42.337037181666666,-71.091399225,7.818,3.3,327708.6619041483,4689316.447677815,74331,600000000,19,T,5
1676147932.680006,439,74332,600000000,GPS1_Frame,42.33703707666667,-71.091397855,7.807,3.3,327708.77448394947,4689316.433242458,74332,600000000,19,T,4
1676147933.682286,440,74333,600000000,GPS1_Frame,42.33703713166667,-71.09139779333333,7.801,3.3,327708.7797145241,4689316.439224838,74333,600000000,19,T,4
1676147934.6819456,441,74334,600000000,GPS1_Frame,42.33703720166667,-71.09139778333333,7.803,3.3,327708.78072954016,4689316.446977545,74334,600000000,19,T,4
1676147935.682037,442,74335,600000000,GPS1_Frame,42.33703715666667,-71.091397775,7.773,3.3,327708.7812931795,4689316.441963753,74335,600000000,19,T,4
1676147936.6808434,443,74336,600000000,GPS1_Frame,42.33703722166667,-71.09139774166667,7.798,3.3,327708.78421684215,4689316.449113969,74336,600000000,19,T,4
1676147937.6821346,444,74337,600000000,GPS1_Frame,42.33703713,-71.09139779333333,7.802,3.3,327708.7797099724,4689316.439039769,74337,600000000,19,T,4
1676147938.682052,445,74338,600000000,GPS1_Frame,42.33703718,-71.09139776666666,7.817,3.3,327708.78204344,4689316.444537856,74338,600000000,19,T,4
1676147939.6827645,446,74339,600000000,GPS1_Frame,42.33703719,-71.09139781333333,7.821,3.3,327708.7782261467,4689316.445742836,74339,600000000,19,T,4
1676147940.6827888,447,74340,600000000,GPS1_Frame,42.337037115,-71.09139776833334,7.818,1.6,327708.7817286155,4689316.437323478,74340,600000000,19,T,4
1676147941.6839285,448,74341,600000000,GPS1_Frame,42.33703721166667,-71.09139774666667,7.805,1.6,327708.7837776091,4689316.4480136745,74341,600000000,19,T,4
1676147942.6809952,449,74342,600000000,GPS1_Frame,42.33703670166667,-71.09139851,7.73,1.6,327708.71949805715,4689316.392928727,74342,600000000,19,T,5
1676147943.6804657,450,74343,600000000,GPS1_Frame,42.337036695,-71.09139851,7.723,1.6,327708.7194798502,4689316.392188444,74343,600000000,19,T,5
1676147944.679797,451,74344,600000000,GPS1_Frame,42.337036545,-71.091398505,7.729,1.6,327708.7194821163,4689316.375521955,74344,600000000,19,T,5
1676147945.68495,452,74345,600000000,GPS1_Frame,42.33703649833333,-71.09139842666667,7.728,1.6,327708.7258081075,4689316.370181256,74345,600000000,19,T,5
1676147946.6834557,453,74346,600000000,GPS1_Frame,42.33703642,-71.09139838166666,7.721,1.6,327708.7293014728,4689316.361391758,74346,600000000,19,T,5
1676147947.6796627,454,74347,600000000,GPS1_Frame,42.337036455,-71.09139829666667,7.709,1.6,327708.7363997286,4689316.365106013,74347,600000000,19,T,5
1676147948.6805258,455,74348,600000000,GPS1_Frame,42.33703641333334,-71.09139819333333,7.699,1.6,327708.7447989837,4689316.3602698725,74348,600000000,19,T,5
1676147949.6807303,456,74349,600000000,GPS1_Frame,42.33703631833333,-71.09139813166666,7.73,1.6,327708.74961990415,4689316.349595894,74349,600000000,19,T,5
1676147950.6793318,457,74350,600000000,GPS1_Frame,42.33703624666666,-71.09139809166666,7.724,1.6,327708.7527195538,4689316.341556808,74350,600000000,19,T,5
1676147951.6809258,458,74351,600000000,GPS1_Frame,42.33703624333333,-71.09139802666667,7.706,1.6,327708.7580654314,4689316.341054964,74351,600000000,19,T,5
1676147952.6810215,459,74352,600000000,GPS1_Frame,42.337036215,-71.09139794666666,7.704,1.6,327708.7645788007,4689316.337746664,74352,600000000,19,T,5
1676147953.6802328,460,74353,600000000,GPS1_Frame,42.337036375,-71.09139785666666,7.686,1.8,327708.77243036136,4689316.355331088,74353,600000000,19,T,5
1676147954.6834302,461,74354,600000000,GPS1_Frame,42.33703636333333,-71.09139779,7.695,1.8,327708.7778907871,4689316.353900515,74354,600000000,19,T,5
1676147955.680576,462,74355,600000000,GPS1_Frame,42.33703637,-71.09139768833333,7.706,1.8,327708.7862847379,4689316.3544347985,74355,600000000,19,T,5
1676147956.6801403,463,74356,600000000,GPS1_Frame,42.337036375,-71.09139765,7.684,1.8,327708.78945645853,4689316.354912339,74356,600000000,19,T,5
1676147957.681135,464,74357,600000000,GPS1_Frame,42.33703646,-71.091397575,7.651,1.7,327708.79586742335,4689316.364198977,74357,600000000,19,T,5
1676147958.6857483,465,74358,600000000,GPS1_Frame,42.337036446666666,-71.09139755166666,7.635,1.7,327708.79775331134,4689316.362671133,74358,600000000,19,T,5
1676147959.680814,466,74359,600000000,GPS1_Frame,42.337036446666666,-71.091397505,7.606,1.7,327708.8015979152,4689316.362576577,74359,600000000,19,T,5
1676147960.6822724,467,74360,600000000,GPS1_Frame,42.337036435,-71.09139746166667,7.59,1.7,327708.8051360389,4689316.361193281,74360,600000000,19,T,5
1676147961.6810174,468,74361,600000000,GPS1_Frame,42.337036276666666,-71.091397475,7.555,1.6,327708.8036051694,4689316.343638585,74361,600000000,19,T,5
1676147962.6817155,469,74362,600000000,GPS1_Frame,42.337036295,-71.091397445,7.514,1.6,327708.8061267677,4689316.345613575,74362,600000000,19,T,5
1676147963.6831286,470,74363,600000000,GPS1_Frame,42.337036165,-71.09139746666666,7.497,1.6,327708.8039867373,4689316.331221966,74363,600000000,19,T,5
1676147964.681467,471,74364,600000000,GPS1_Frame,42.33703622666667,-71.091397435,7.486,1.7,327708.8067639896,4689316.338005415,74364,600000000,19,T,5
1676147965.6804388,472,74365,600000000,GPS1_Frame,42.33703628333333,-71.09139746333334,7.458,1.8,327708.8045845241,4689316.3443552265,74365,600000000,19,T,5
1676147966.6805391,473,74366,600000000,GPS1_Frame,42.33703629833333,-71.09139739833333,7.467,1.8,327708.809980475,4689316.3458891595,74366,600000000,19,T,5
1676147967.6817355,474,74367,600000000,GPS1_Frame,42.33703635,-71.091397335,7.46,1.8,327708.815339253,4689316.351498024,74367,600000000,19,T,5
1676147968.6835866,475,74368,600000000,GPS1_Frame,42.33703616166667,-71.09139734333333,7.488,1.6,327708.8141383728,4689316.330601925,74368,600000000,19,T,5
1676147969.6788073,476,74369,600000000,GPS1_Frame,42.337036338333334,-71.09139725333333,7.469,1.8,327708.82203544653,4689316.350037055,74369,600000000,19,T,5
1676147970.6780949,477,74370,600000000,GPS1_Frame,42.337036195,-71.09139723166666,7.503,1.6,327708.8234289923,4689316.334077078,74370,600000000,19,T,5
1676147971.6781569,478,74371,600000000,GPS1_Frame,42.337036335,-71.091397165,7.519,1.8,327708.829303626,4689316.349487933,74371,600000000,19,T,5
1676147972.6802485,479,74372,600000000,GPS1_Frame,42.33703635166667,-71.09139710333334,7.528,1.8,327708.83442951285,4689316.351213689,74372,600000000,19,T,5
1676147973.678493,480,74373,600000000,GPS1_Frame,42.337036323333336,-71.09139704833333,7.54,1.8,327708.83888327336,4689316.347956047,74373,600000000,19,T,5
1676147974.6773486,481,74374,600000000,GPS1_Frame,42.337036213333334,-71.09139700833333,7.543,1.6,327708.84187823324,4689316.335660336,74374,600000000,19,T,5
1676147975.679352,482,74375,600000000,GPS1_Frame,42.337036145,-71.09139701666666,7.568,1.6,327708.84100507584,4689316.328089323,74375,600000000,19,T,5
1676147976.6773458,483,74376,600000000,GPS1_Frame,42.337036135,-71.091397,7.586,1.6,327708.84235083585,4689316.32694513,74376,600000000,19,T,5
1676147977.677268,484,74377,600000000,GPS1_Frame,42.337036053333335,-71.09139695666667,7.605,1.6,327708.84569779097,4689316.317788865,74377,600000000,19,T,5
1676147978.6747856,485,74378,600000000,GPS1_Frame,42.33703597,-71.09139693666667,7.612,1.6,327708.8471178904,4689316.308494808,74378,600000000,19,T,5
1676147979.6765163,486,74379,600000000,GPS1_Frame,42.337035995,-71.09139694333334,7.621,3.4,327708.8466369391,4689316.311284375,74379,600000000,19,T,5
1676147980.6746848,487,74380,600000000,GPS1_Frame,42.337035971666666,-71.09139691666667,7.648,3.4,327708.8487701304,4689316.308639354,74380,600000000,19,T,5
1676147981.6747644,488,74381,600000000,GPS1_Frame,42.33703580833333,-71.091396905,7.656,3.4,327708.8492852103,4689316.290478792,74381,600000000,19,T,5
1676147982.6733835,489,74382,600000000,GPS1_Frame,42.337035703333335,-71.09139691833333,7.681,3.4,327708.84789999214,4689316.278846355,74382,600000000,19,T,5
1676147983.6713636,490,74383,600000000,GPS1_Frame,42.337035795,-71.09139691166666,7.705,3.4,327708.84869956906,4689316.289011734,74383,600000000,19,T,5
1676147984.6739378,491,74384,600000000,GPS1_Frame,42.33703577166666,-71.09139689,7.715,3.4,327708.8504208378,4689316.286376843,74384,600000000,19,T,5
1676147985.6760764,492,74385,600000000,GPS1_Frame,42.337035755,-71.09139683,7.742,3.4,327708.8553183831,4689316.284404566,74385,600000000,19,T,5
1676147986.6759782,493,74386,600000000,GPS1_Frame,42.337035765,-71.09139678166666,7.778,3.4,327708.85932760424,4689316.285417056,74386,600000000,19,T,5
1676147987.676934,494,74387,600000000,GPS1_Frame,42.33703571666667,-71.09139674833334,7.795,3.4,327708.86194174684,4689316.279982466,74387,600000000,19,T,5
1676147988.6753767,495,74388,600000000,GPS1_Frame,42.33703553666667,-71.09139676833334,7.782,1.6,327708.85980247124,4689316.26003536,74388,600000000,19,T,5
1676147989.6746547,496,74389,600000000,GPS1_Frame,42.33703565166667,-71.091396635,7.828,3.4,327708.87110112305,4689316.272535074,74389,600000000,19,T,5
1676147990.6759245,497,74390,600000000,GPS1_Frame,42.33703555333334,-71.091396665,7.834,3.4,327708.86836103944,4689316.2616766915,74390,600000000,19,T,5
1676147991.6755798,498,74391,600000000,GPS1_Frame,42.33703565166667,-71.09139658,7.827,4.7,327708.87563226314,4689316.272423632,74391,600000000,19,T,5
1676147992.6783292,499,74392,600000000,GPS1_Frame,42.33703577833333,-71.09139646166666,7.825,4.7,327708.8857270093,4689316.2862492325,74392,600000000,19,T,5
1676147993.6758158,500,74393,600000000,GPS1_Frame,42.33703569,-71.09139639666667,7.844,4.7,327708.89084075065,4689316.276308786,74393,600000000,19,T,5
1676147994.6760726,501,74394,600000000,GPS1_Frame,42.33703584,-71.09139631166667,7.86,4.7,327708.898253076,4689316.292792916,74394,600000000,19,T,5
1676147995.6745632,502,74395,600000000,GPS1_Frame,42.33703572833333,-71.09139629666667,7.856,4.7,327708.89918387553,4689316.2803627895,74395,600000000,19,T,5
1676147996.684424,503,74396,600000000,GPS1_Frame,42.33703579666667,-71.09139618833333,7.886,4.7,327708.90829546785,4689316.287731182,74396,600000000,19,T,5
1676147997.6827223,504,74397,600000000,GPS1_Frame,42.337035603333334,-71.09139625833333,7.872,4.7,327708.902000561,4689316.26640482,74397,600000000,19,T,5
1676147998.6813798,505,74398,600000000,GPS1_Frame,42.33703576,-71.09139608166667,7.876,4.7,327708.9169829942,4689316.2834434975,74398,600000000,19,T,5
1676147999.6822302,506,74399,600000000,GPS1_Frame,42.33703560833333,-71.09139605833333,7.865,3.4,327708.91849108634,4689316.26655479,74399,600000000,19,T,5
1676148000.6794634,507,74400,600000000,GPS1_Frame,42.33703575166667,-71.09139603,7.861,4.7,327708.92121675983,4689316.282413457,74400,600000000,19,T,5
1676148001.6790752,508,74401,600000000,GPS1_Frame,42.33703557,-71.09139612833333,7.914,4.7,327708.91261949274,4689316.262439999,74401,600000000,19,T,5
1676148002.6790097,509,74402,600000000,GPS1_Frame,42.33703560666667,-71.09139605333333,7.917,4.7,327708.91889845923,4689316.266359588,74402,600000000,19,T,5
1676148003.6823876,510,74403,600000000,GPS1_Frame,42.337035855,-71.091395955,7.904,3.4,327708.92767779354,4689316.293735871,74403,600000000,19,T,5
1676148004.6786242,511,74404,600000000,GPS1_Frame,42.33703587833333,-71.09139593333333,7.931,3.4,327708.92952651286,4689316.296282959,74404,600000000,19,T,5
1676148005.681364,512,74405,600000000,GPS1_Frame,42.33703601,-71.09139590666666,7.976,3.4,327708.93208301533,4689316.310849508,74405,600000000,19,T,5
1676148006.6816652,513,74406,600000000,GPS1_Frame,42.33703605,-71.091395845,7.988,3.4,327708.93727262435,4689316.315166255,74406,600000000,19,T,5
1676148007.682973,514,74407,600000000,GPS1_Frame,42.33703607166667,-71.09139585333334,8.028,3.4,327708.93664526055,4689316.3175890595,74407,600000000,19,T,5
1676148008.6782384,515,74408,600000000,GPS1_Frame,42.337036141666665,-71.09139580666667,8.028,3.4,327708.9406810372,4689316.32526747,74408,600000000,19,T,5
1676148009.6782176,516,74409,600000000,GPS1_Frame,42.33703611166667,-71.09139582333333,8.057,3.4,327708.9392260335,4689316.321969968,74409,600000000,19,T,5
1676148010.678849,517,74410,600000000,GPS1_Frame,42.33703618166667,-71.091395775,8.091,3.4,327708.9433991169,4689316.329645003,74410,600000000,19,T,5
1676148011.6819007,518,74411,600000000,GPS1_Frame,42.33703622,-71.09139573833333,8.124,3.4,327708.9465245654,4689316.3338273335,74411,600000000,19,T,5
1676148012.678063,519,74412,600000000,GPS1_Frame,42.337036231666666,-71.091395715,8.137,3.4,327708.9484787294,4689316.335075549,74412,600000000,19,T,5
1676148013.6767642,520,74413,600000000,GPS1_Frame,42.337036121666664,-71.09139574166667,8.163,3.4,327708.9459813974,4689316.32291492,74413,600000000,19,T,5
1676148014.6780741,521,74414,600000000,GPS1_Frame,42.33703613833333,-71.091395755,8.17,3.4,327708.9449284601,4689316.324792641,74414,600000000,19,T,5
1676148015.6863348,522,74415,600000000,GPS1_Frame,42.33703628166667,-71.09139567666666,8.212,3.4,327708.95177334896,4689316.34055,74415,600000000,19,T,5
1676148016.6838484,523,74416,600000000,GPS1_Frame,42.33703618333333,-71.09139573666667,8.214,3.4,327708.94656173623,4689316.329752402,74416,600000000,19,T,5
1676148017.6828887,524,74417,600000000,GPS1_Frame,42.33703628,-71.09139568166667,8.248,3.4,327708.95135687466,4689316.340375059,74417,600000000,19,T,5
1676148018.6841602,525,74418,600000000,GPS1_Frame,42.33703630666667,-71.09139566166667,8.271,3.4,327708.95307738846,4689316.343295665,74418,600000000,19,T,5
1676148019.68467,526,74419,600000000,GPS1_Frame,42.337036311666665,-71.09139564166667,8.289,3.4,327708.95473873196,4689316.343810353,74419,600000000,19,T,5
1676148020.676313,527,74420,600000000,GPS1_Frame,42.337036411666666,-71.09139564666667,8.336,3.4,327708.9545999133,4689316.3549247235,74420,600000000,19,T,5
1676148021.6768363,528,74421,600000000,GPS1_Frame,42.33703628166667,-71.09139563333333,8.346,3.4,327708.95534333703,4689316.340462198,74421,600000000,19,T,5
1676148022.6752145,529,74422,600000000,GPS1_Frame,42.337036313333336,-71.09139558666666,8.38,3.4,327708.9592744238,4689316.343883982,74422,600000000,19,T,5
1676148023.6789784,530,74423,600000000,GPS1_Frame,42.33703636333333,-71.09139558166666,8.397,3.4,327708.95982289617,4689316.349425971,74423,600000000,19,T,5
1676148024.6776614,531,74424,600000000,GPS1_Frame,42.33703636,-71.09139557,8.41,3.4,327708.96077494475,4689316.34903219,74424,600000000,19,T,5
1676148025.677499,532,74425,600000000,GPS1_Frame,42.33703646833333,-71.09139554,8.418,3.4,327708.9635423386,4689316.361000996,74425,600000000,19,T,5
1676148026.6843185,533,74426,600000000,GPS1_Frame,42.33703648,-71.09139548833333,8.435,3.5,327708.967830725,4689316.362191805,74426,600000000,19,T,5
1676148027.6810784,534,74427,600000000,GPS1_Frame,42.33703651166667,-71.09139546,8.446,3.5,327708.9702514303,4689316.365650737,74427,600000000,19,T,5
1676148028.6781073,535,74428,600000000,GPS1_Frame,42.33703659166667,-71.09139539333333,8.488,3.5,327708.9759622034,4689316.374399048,74428,600000000,19,T,5
1676148029.6836238,536,74429,600000000,GPS1_Frame,42.33703661333333,-71.091395355,8.479,2.2,327708.97917944344,4689316.376727296,74429,600000000,19,T,5
1676148030.680125,537,74430,600000000,GPS1_Frame,42.33703649833333,-71.09139537333333,8.471,2.2,327708.97735499474,4689316.363994567,74430,600000000,19,T,5
1676148031.6774328,538,74431,600000000,GPS1_Frame,42.33703658833333,-71.09139534166667,8.471,2.2,327708.98020962416,4689316.373924219,74431,600000000,19,T,5
1676148032.6804206,539,74432,600000000,GPS1_Frame,42.337036633333334,-71.09139531,8.462,2.2,327708.98294135917,4689316.3788569635,74432,600000000,19,T,5
1676148033.6797645,540,74433,600000000,GPS1_Frame,42.33703671166667,-71.09139523166667,8.483,3.5,327708.9896087303,4689316.387396565,74433,600000000,19,T,5
1676148034.6811304,541,74434,600000000,GPS1_Frame,42.337036706666666,-71.09139519666667,8.489,3.5,327708.9924785269,4689316.386770436,74434,600000000,19,T,5
1676148035.682722,542,74435,600000000,GPS1_Frame,42.33703679333333,-71.09139514,8.509,3.5,327708.9973836659,4689316.396279291,74435,600000000,19,T,5
1676148036.6814501,543,74436,600000000,GPS1_Frame,42.337036725,-71.09139515,8.505,3.5,327708.9963731997,4689316.388711657,74436,600000000,19,T,5
1676148037.6803756,544,74437,600000000,GPS1_Frame,42.33703673833333,-71.09139512833333,8.518,3.5,327708.9981946086,4689316.39014832,74437,600000000,19,T,5
1676148038.6807952,545,74438,600000000,GPS1_Frame,42.33703679166667,-71.09139499833333,8.554,3.5,327709.00905023026,4689316.395807176,74438,600000000,19,T,5
1676148039.681158,546,74439,600000000,GPS1_Frame,42.337036831666666,-71.09139496833333,8.566,3.5,327709.011631001,4689316.400188084,74439,600000000,19,T,5
1676148040.679929,547,74440,600000000,GPS1_Frame,42.33703689,-71.09139490833333,8.554,2.3,327709.0167333742,4689316.406543984,74440,600000000,19,T,5
1676148041.6814847,548,74441,600000000,GPS1_Frame,42.337036875,-71.09139485333333,8.555,3.5,327709.02122354653,4689316.404766907,74441,600000000,19,T,5
1676148042.678124,549,74442,600000000,GPS1_Frame,42.33703682833333,-71.09139480666667,8.555,3.5,327709.02494070184,4689316.399490373,74442,600000000,19,T,5
1676148043.6781602,550,74443,600000000,GPS1_Frame,42.337036948333335,-71.09139476,8.578,2.3,327709.0291130302,4689316.412720903,74443,600000000,19,T,5
1676148044.6784883,551,74444,600000000,GPS1_Frame,42.33703702333333,-71.09139475,8.602,2.3,327709.030141699,4689316.421028822,74444,600000000,19,T,5
1676148045.6777592,552,74445,600000000,GPS1_Frame,42.33703706,-71.09139471833333,8.609,2.3,327709.03285067517,4689316.425036212,74445,600000000,19,T,5
1676148046.6833527,553,74446,600000000,GPS1_Frame,42.33703697833333,-71.091394705,8.589,2.3,327709.03372609924,4689316.415940734,74446,600000000,19,T,5
1676148047.6782103,554,74447,600000000,GPS1_Frame,42.337037038333335,-71.09139469666667,8.6,2.3,327709.0345764978,4689316.422586393,74447,600000000,19,T,5
1676148048.678969,555,74448,600000000,GPS1_Frame,42.33703708833333,-71.09139469166666,8.609,2.3,327709.03512497223,4689316.42812838,74448,600000000,19,T,5
1676148049.6787105,556,74449,600000000,GPS1_Frame,42.337037073333335,-71.09139467,8.599,2.3,327709.03686899965,4689316.426418844,74449,600000000,19,T,5
1676148050.6786292,557,74450,600000000,GPS1_Frame,42.337037116666664,-71.09139464833333,8.595,2.3,327709.0387723397,4689316.431186779,74450,600000000,19,T,5
1676148051.6834621,558,74451,600000000,GPS1_Frame,42.33703705,-71.09139468,8.599,2.3,327709.0359814344,4689316.423848118,74451,600000000,19,T,5
1676148052.6827974,559,74452,600000000,GPS1_Frame,42.33703713333333,-71.09139462166667,8.611,2.3,327709.0410147725,4689316.432983453,74452,600000000,19,T,5
1676148053.6877456,560,74453,600000000,GPS1_Frame,42.337037163333335,-71.09139467,8.61,2.3,327709.037114793,4689316.43641266,74453,600000000,19,T,5
1676148054.6878164,561,74454,600000000,GPS1_Frame,42.337037105,-71.091394715,8.605,2.3,327709.03324818553,4689316.430026366,74454,600000000,19,T,5
1676148055.6851773,562,74455,600000000,GPS1_Frame,42.337037161666665,-71.09139471833333,8.589,2.3,327709.0331283307,4689316.436325522,74455,600000000,19,T,5
1676148056.688536,563,74456,600000000,GPS1_Frame,42.33703703333333,-71.09139480833333,8.58,2.3,327709.02536325785,4689316.422257441,74456,600000000,19,T,5
1676148057.6865962,564,74457,600000000,GPS1_Frame,42.337037145,-71.09139480166667,8.587,2.3,327709.0262174511,4689316.434643665,74457,600000000,19,T,5
1676148058.686419,565,74458,600000000,GPS1_Frame,42.33703714666667,-71.091394845,8.568,2.3,327709.0226520169,4689316.434916539,74458,600000000,19,T,5
1676148059.6917458,566,74459,600000000,GPS1_Frame,42.33703703166667,-71.09139492,8.559,2.3,327709.0161591192,4689316.422298629,74459,600000000,19,T,5
1676148060.6826863,567,74460,600000000,GPS1_Frame,42.337037165,-71.09139490666666,8.55,2.3,327709.0176217165,4689316.437077265,74460,600000000,19,T,5
1676148061.6857507,568,74461,600000000,GPS1_Frame,42.337037028333334,-71.09139501,8.515,2.3,327709.0087354261,4689316.422110848,74461,600000000,19,T,5
1676148062.6872363,569,74462,600000000,GPS1_Frame,42.33703708666667,-71.09139501833333,8.514,2.3,327709.00820819836,4689316.428605204,74462,600000000,19,T,5
1676148063.686599,570,74463,600000000,GPS1_Frame,42.337037128333336,-71.09139507166667,8.527,2.3,327709.0039281605,4689316.433340035,74463,600000000,19,T,5
1676148064.6837013,571,74464,600000000,GPS1_Frame,42.33703709666667,-71.09139511833334,8.509,2.3,327708.9999970739,4689316.429918249,74464,600000000,19,T,5
1676148065.680518,572,74465,600000000,GPS1_Frame,42.33703702166667,-71.091395235,8.505,2.6,327708.9901807387,4689316.42182646,74465,600000000,19,T,5
1676148066.6830993,573,74466,600000000,GPS1_Frame,42.337037073333335,-71.09139534333333,8.501,2.6,327708.98139687127,4689316.427783156,74466,600000000,19,T,5
1676148067.682616,574,74467,600000000,GPS1_Frame,42.337037115,-71.09139531166667,8.514,4.9,327708.9841195006,4689316.43234576,74467,600000000,19,T,5
1676148068.6820555,575,74468,600000000,GPS1_Frame,42.33703715666667,-71.09139533,8.506,3.5,327708.98272291454,4689316.437009673,74468,600000000,19,T,5
1676148069.6807134,576,74469,600000000,GPS1_Frame,42.33703706666667,-71.09139541833333,8.493,3.5,327708.9751998382,4689316.427194838,74469,600000000,19,T,5
1676148070.6812375,577,74470,600000000,GPS1_Frame,42.33703722833334,-71.09139545166667,8.523,3.5,327708.9728952113,4689316.445214233,74470,600000000,19,T,5
1676148071.6817029,578,74471,600000000,GPS1_Frame,42.33703718333334,-71.09139539666667,8.554,4.9,327708.9773034524,4689316.440105883,74471,600000000,19,T,5
1676148072.6812227,579,74472,600000000,GPS1_Frame,42.33703731166667,-71.09139541333333,8.542,3.5,327708.9762808633,4689316.454390096,74472,600000000,19,T,5
1676148073.6814356,580,74473,600000000,GPS1_Frame,42.337037235,-71.09139546,8.541,3.5,327708.9722268819,4689316.445971401,74473,600000000,19,T,5
1676148074.6814604,581,74474,600000000,GPS1_Frame,42.337037321666664,-71.09139541333333,8.561,3.5,327708.9763081736,4689316.455500518,74474,600000000,19,T,5
1676148075.680937,582,74475,600000000,GPS1_Frame,42.337037306666666,-71.09139535333334,8.583,3.5,327708.9812102706,4689316.453713311,74475,600000000,19,T,5
1676148076.679787,583,74476,600000000,GPS1_Frame,42.33703743666667,-71.091395335,8.597,3.5,327708.983075685,4689316.468111675,74476,600000000,19,T,5
1676148077.6854165,584,74477,600000000,GPS1_Frame,42.337037521666666,-71.09139530833333,8.607,3.5,327708.9855047388,4689316.477496244,74477,600000000,19,T,5
1676148078.6824949,585,74478,600000000,GPS1_Frame,42.33703749166666,-71.09139530666667,8.625,3.5,327708.9855601166,4689316.474161596,74478,600000000,19,T,5
1676148079.6825023,586,74479,600000000,GPS1_Frame,42.337037448333334,-71.09139540166667,8.617,3.5,327708.9776152572,4689316.46954225,74479,600000000,19,T,5
1676148080.6875355,587,74480,600000000,GPS1_Frame,42.337037476666666,-71.09139534166667,8.637,3.5,327708.9826356971,4689316.4725668775,74480,600000000,19,T,5
1676148081.684951,588,74481,600000000,GPS1_Frame,42.33703745166667,-71.09139537166666,8.639,3.6,327708.980095892,4689316.469851604,74481,600000000,19,T,5
1676148082.6824145,589,74482,600000000,GPS1_Frame,42.337037535,-71.09139537666667,8.656,3.6,327708.979911556,4689316.479115269,74482,600000000,19,T,5
1676148083.6818285,590,74483,600000000,GPS1_Frame,42.33703757666667,-71.09139538666666,8.689,3.6,327708.97920150624,4689316.483762297,74483,600000000,19,T,5
1676148084.6836767,591,74484,600000000,GPS1_Frame,42.337037625,-71.09139534166667,8.705,3.6,327708.98304080125,4689316.489038166,74484,600000000,19,T,5
1676148085.6815941,592,74485,600000000,GPS1_Frame,42.33703755166667,-71.09139537666667,8.736,3.6,327708.9799570733,4689316.480965976,74485,600000000,19,T,5
1676148086.6805904,593,74486,600000000,GPS1_Frame,42.33703752,-71.09139540666666,8.731,3.6,327708.9773990612,4689316.477510419,74486,600000000,19,T,5
1676148087.6837223,594,74487,600000000,GPS1_Frame,42.33703754166667,-71.09139538666666,8.751,3.6,327708.97910591983,4689316.479875813,74487,600000000,19,T,5
1676148088.684528,595,74488,600000000,GPS1_Frame,42.337037646666666,-71.091395395,8.759,4.9,327708.97870614054,4689316.491552149,74488,600000000,19,T,5
1676148089.6797688,596,74489,600000000,GPS1_Frame,42.33703752666667,-71.091395465,8.745,4.9,327708.9726115124,4689316.478368896,74489,600000000,19,T,5
1676148090.6796465,597,74490,600000000,GPS1_Frame,42.337037583333334,-71.09139543666667,8.76,4.9,327708.97510049574,4689316.484603889,74490,600000000,19,T,5
1676148091.6797874,598,74491,600000000,GPS1_Frame,42.337037555,-71.09139542166666,8.786,4.9,327708.976258882,4689316.481427295,74491,600000000,19,T,5
1676148092.679936,599,74492,600000000,GPS1_Frame,42.33703751833333,-71.091395455,8.79,4.9,327708.97341259883,4689316.4774232805,74492,600000000,19,T,5
1676148093.681442,600,74493,600000000,GPS1_Frame,42.33703761,-71.09139546,8.783,4.9,327708.9732510216,4689316.487612298,74493,600000000,19,T,5
1676148094.6812277,601,74494,600000000,GPS1_Frame,42.337037648333336,-71.091395405,8.806,5.0,327708.9778868514,4689316.491757482,74494,600000000,19,T,5
1676148095.6799076,602,74495,600000000,GPS1_Frame,42.33703760666667,-71.09139546333333,8.806,5.0,327708.97296730237,4689316.4872489115,74495,600000000,19,T,5
1676148096.6804032,603,74496,600000000,GPS1_Frame,42.33703757666667,-71.091395545,8.807,5.0,327708.9661573157,4689316.484083113,74496,600000000,19,T,5
1676148097.6795502,604,74497,600000000,GPS1_Frame,42.337037771666665,-71.09139545666666,8.799,5.0,327708.9739671553,4689316.505557397,74497,600000000,19,T,5
1676148098.682331,605,74498,600000000,GPS1_Frame,42.33703784,-71.091395375,8.803,3.6,327708.98088182963,4689316.51297982,74498,600000000,19,T,5
1676148099.6808567,606,74499,600000000,GPS1_Frame,42.33703775666667,-71.091395435,8.811,5.0,327708.97571118263,4689316.503847862,74499,600000000,19,T,5
1676148100.6790895,607,74500,600000000,GPS1_Frame,42.33703774833333,-71.09139543,8.81,5.0,327708.9761003445,4689316.502912377,74500,600000000,19,T,5
1676148101.6814132,608,74501,600000000,GPS1_Frame,42.337037671666664,-71.09139546333333,8.834,5.0,327708.97314481984,4689316.494466666,74501,600000000,19,T,5
1676148102.6789498,609,74502,600000000,GPS1_Frame,42.337037693333336,-71.09139549,8.854,5.0,327708.97100707894,4689316.496926617,74502,600000000,19,T,5
1676148103.679317,610,74503,600000000,GPS1_Frame,42.337037716666664,-71.09139540666666,8.84,5.0,327708.9779361655,4689316.499348756,74503,600000000,19,T,5
1676148104.676306,611,74504,600000000,GPS1_Frame,42.33703764,-71.09139539166667,8.856,3.6,327708.97896254936,4689316.490805113,74504,600000000,19,T,5
1676148105.676082,612,74505,600000000,GPS1_Frame,42.337037885,-71.09139531,8.861,5.0,327708.9863597094,4689316.517845025,74505,600000000,19,T,5
1676148106.6744812,613,74506,600000000,GPS1_Frame,42.337037805,-71.09139528,8.88,5.0,327708.9886127555,4689316.508900847,74506,600000000,19,T,5
1676148107.6768856,614,74507,600000000,GPS1_Frame,42.33703776833333,-71.09139522333334,8.877,5.0,327708.99318106624,4689316.504714474,74507,600000000,19,T,5
1676148108.6770427,615,74508,600000000,GPS1_Frame,42.33703781,-71.09139523333333,8.938,3.6,327708.9924710144,4689316.509361503,74508,600000000,19,T,5
1676148109.6776032,616,74509,600000000,GPS1_Frame,42.337037976666664,-71.09139510666667,8.918,5.0,327709.0033615399,4689316.527611914,74509,600000000,19,T,5
1676148110.6793456,617,74510,600000000,GPS1_Frame,42.33703806,-71.091395,8.909,5.0,327709.0123767884,4689316.536649319,74510,600000000,19,T,5
1676148111.6800103,618,74511,600000000,GPS1_Frame,42.337037905,-71.09139505333333,8.919,5.0,327709.0075596465,4689316.519545814,74511,600000000,19,T,5
1676148112.6773264,619,74512,600000000,GPS1_Frame,42.33703790333333,-71.09139501,8.931,4.6,327709.01112508477,4689316.519272939,74512,600000000,19,T,5
1676148113.682413,620,74513,600000000,GPS1_Frame,42.337038023333335,-71.09139492166666,8.932,4.6,327709.01873009215,4689316.532419046,74513,600000000,19,T,5
1676148114.681256,621,74514,600000000,GPS1_Frame,42.337038635,-71.09139301333333,9.137,4.6,327709.1776173738,4689316.596473301,74514,600000000,19,T,4
1676148115.688278,622,74515,600000000,GPS1_Frame,42.33703866166667,-71.09139303666667,9.16,4.6,327709.1757679017,4689316.599481708,74515,600000000,19,T,4
1676148116.6862814,623,74516,600000000,GPS1_Frame,42.33703864833333,-71.09139301666667,9.149,4.6,327709.1773791739,4689316.59796062,74516,600000000,19,T,4
1676148117.6839943,624,74517,600000000,GPS1_Frame,42.337038678333336,-71.09139299666667,9.153,4.6,327709.17910879117,4689316.601251368,74517,600000000,19,T,4
1676148118.6853786,625,74518,600000000,GPS1_Frame,42.33703859333333,-71.09139305833334,9.146,4.6,327709.1737962859,4689316.591937713,74518,600000000,19,T,4
1676148119.6867583,626,74519,600000000,GPS1_Frame,42.337038635,-71.09139305333333,9.149,4.6,327709.17432200164,4689316.596554348,74519,600000000,19,T,4
1676148120.6826282,627,74520,600000000,GPS1_Frame,42.33703864333334,-71.09139303333333,9.158,4.7,327709.17599244637,4689316.597439178,74520,600000000,19,T,4
1676148121.682024,628,74521,600000000,GPS1_Frame,42.337038735,-71.09139298,9.159,4.7,327709.1806366244,4689316.60751,74521,600000000,19,T,4
1676148122.687413,629,74522,600000000,GPS1_Frame,42.337038703333334,-71.09139299666667,9.159,4.7,327709.17917706707,4689316.604027427,74522,600000000,19,T,4
1676148123.6816423,630,74523,600000000,GPS1_Frame,42.337038775,-71.09139296333333,9.164,4.7,327709.18211893615,4689316.611917926,74523,600000000,19,T,4
1676148124.6801548,631,74524,600000000,GPS1_Frame,42.33703877833333,-71.09139296333333,9.16,4.7,327709.1821280396,4689316.612288066,74524,600000000,19,T,4
1676148125.6816144,632,74525,600000000,GPS1_Frame,42.337038811666666,-71.09139293,9.159,4.7,327709.184965219,4689316.615921939,74525,600000000,19,T,4
1676148126.6801987,633,74526,600000000,GPS1_Frame,42.337038826666664,-71.09139292666667,9.16,4.7,327709.18528080033,4689316.617580819,74526,600000000,19,T,4
1676148127.6794245,634,74527,600000000,GPS1_Frame,42.33703872666667,-71.091392965,9.153,4.7,327709.18184962927,4689316.606554253,74527,600000000,19,T,4
1676148128.6769269,635,74528,600000000,GPS1_Frame,42.337038723333336,-71.09139300333334,9.184,4.7,327709.17868246045,4689316.606261781,74528,600000000,19,T,4
1676148129.6770873,636,74529,600000000,GPS1_Frame,42.337038885,-71.09139293833333,9.146,4.7,327709.1844789608,4689316.624081932,74529,600000000,19,T,4
1676148130.6785672,637,74530,600000000,GPS1_Frame,42.33703888833333,-71.09139291333334,9.166,4.7,327709.1865476709,4689316.6244014185,74530,600000000,19,T,4
1676148131.6744878,638,74531,600000000,GPS1_Frame,42.337038865,-71.09139293,9.174,4.7,327709.18511087424,4689316.6218441995,74531,600000000,19,T,4
1676148132.6779664,639,74532,600000000,GPS1_Frame,42.33703906666667,-71.09139286,9.139,4.7,327709.19142853864,4689316.644095914,74532,600000000,19,T,4
1676148133.6742282,640,74533,600000000,GPS1_Frame,42.337038996666664,-71.09139284333334,9.171,4.7,327709.19261043856,4689316.636289176,74533,600000000,19,T,4
1676148134.6748197,641,74534,600000000,GPS1_Frame,42.337038975,-71.09139287,9.141,4.7,327709.1903543506,4689316.63393729,74534,600000000,19,T,4
1676148135.6744301,642,74535,600000000,GPS1_Frame,42.337039096666665,-71.09139278666666,9.153,4.7,327709.19755198876,4689316.6472785985,74535,600000000,19,T,4
1676148136.6770017,643,74536,600000000,GPS1_Frame,42.337039123333334,-71.09139280666666,9.147,4.7,327709.1959771303,4689316.650280253,74536,600000000,19,T,4
1676148137.6808789,644,74537,600000000,GPS1_Frame,42.33703905833333,-71.09139279833333,9.149,4.7,327709.1964861471,4689316.643045613,74537,600000000,19,T,4
1676148138.6809168,645,74538,600000000,GPS1_Frame,42.33703898833333,-71.09139282333334,9.161,4.7,327709.19423536817,4689316.635323299,74538,600000000,19,T,4
1676148139.6842299,646,74539,600000000,GPS1_Frame,42.337039,-71.09139277166666,9.186,4.7,327709.19852375425,4689316.636514106,74539,600000000,19,T,4
1676148140.684855,647,74540,600000000,GPS1_Frame,42.33703902,-71.09139276166667,9.193,4.7,327709.1994022181,4689316.638714693,74540,600000000,19,T,4
1676148141.6837757,648,74541,600000000,GPS1_Frame,42.33703894333333,-71.09139277833333,9.182,4.7,327709.19781976624,4689316.630235212,74541,600000000,19,T,4
1676148142.680328,649,74542,600000000,GPS1_Frame,42.337039106666666,-71.09139273333334,9.155,4.7,327709.2019731301,4689316.648280958,74542,600000000,19,T,4
1676148143.6824017,650,74543,600000000,GPS1_Frame,42.337039043333334,-71.09139277,9.183,4.7,327709.198779406,4689316.641322567,74543,600000000,19,T,4
1676148144.6825254,651,74544,600000000,GPS1_Frame,42.33703911166667,-71.09139272,9.146,4.7,327709.20308524405,4689316.648809154,74544,600000000,19,T,4
1676148145.6811304,652,74545,600000000,GPS1_Frame,42.337039085,-71.091392705,9.175,4.7,327709.2042481821,4689316.645817631,74545,600000000,19,T,4
1676148146.6830807,653,74546,600000000,GPS1_Frame,42.337039098333335,-71.09139274333333,9.155,4.8,327709.20112653053,4689316.647375865,74546,600000000,19,T,4
1676148147.6789622,654,74547,600000000,GPS1_Frame,42.33703910166667,-71.09139274166667,9.151,4.8,327709.20127294085,4689316.64774263,74547,600000000,19,T,4
1676148148.679274,655,74548,600000000,GPS1_Frame,42.33703890666666,-71.09139273666666,9.149,2.6,327709.2011523093,4689316.6260792315,74548,600000000,19,T,4
1676148149.6787055,656,74549,600000000,GPS1_Frame,42.33703895,-71.09139273833334,9.145,2.6,327709.20113334735,4689316.630894448,74549,600000000,19,T,4
1676148150.6808536,657,74550,600000000,GPS1_Frame,42.337038828333334,-71.09139274833333,9.135,2.4,327709.19997722626,4689316.617404552,74550,600000000,19,T,4
1676148151.6795728,658,74551,600000000,GPS1_Frame,42.33703890666666,-71.09139273166667,9.163,2.4,327709.2015642298,4689316.626069101,74551,600000000,19,T,4
1676148152.6762958,659,74552,600000000,GPS1_Frame,42.33703891,-71.091392705,9.128,2.7,327709.20377025084,4689316.62638521,74552,600000000,19,T,4
1676148153.6816394,660,74553,600000000,GPS1_Frame,42.33703885,-71.09139270666667,9.123,2.4,327709.20346908184,4689316.619726045,74553,600000000,19,T,4
1676148154.682015,661,74554,600000000,GPS1_Frame,42.337038746666664,-71.09139272333333,9.166,2.7,327709.2018138024,4689316.608285434,74554,600000000,19,T,4
1676148155.6781812,662,74555,600000000,GPS1_Frame,42.337038848333336,-71.091392695,9.122,2.6,327709.20442568004,4689316.619517336,74555,600000000,19,T,4
1676148156.6794171,663,74556,600000000,GPS1_Frame,42.337038803333336,-71.091392675,9.127,2.4,327709.2059504716,4689316.614479903,74556,600000000,19,T,4
1676148157.6806898,664,74557,600000000,GPS1_Frame,42.33703886333333,-71.09139274166667,9.159,2.6,327709.20062204404,4689316.621277526,74557,600000000,19,T,4
1676148158.6727931,665,74558,600000000,GPS1_Frame,42.33703941833333,-71.09139249,9.154,5.0,327709.2228711619,4689316.682396127,74558,600000000,19,T,5
1676148159.6769636,666,74559,600000000,GPS1_Frame,42.337039471666664,-71.09139253666666,9.158,4.8,327709.2191722135,4689316.688412945,74559,600000000,19,T,4
1676148160.6755111,667,74560,600000000,GPS1_Frame,42.33703958666667,-71.09139244,9.144,4.8,327709.22745010344,4689316.7009869525,74560,600000000,19,T,4
1676148161.6762984,668,74561,600000000,GPS1_Frame,42.33703944,-71.091392475,9.165,4.8,327709.2241661,4689316.684771652,74561,600000000,19,T,4
1676148162.6753876,669,74562,600000000,GPS1_Frame,42.337039321666666,-71.09139256,9.148,3.7,327709.21684025635,4689316.671803864,74562,600000000,19,T,4
1676148163.6742315,670,74563,600000000,GPS1_Frame,42.33703946166667,-71.091392485,9.177,3.7,327709.22340142727,4689316.687197833,74563,600000000,19,T,4
1676148164.6782227,671,74564,600000000,GPS1_Frame,42.33703950666666,-71.091392405,9.185,3.7,327709.23011507234,4689316.692032644,74564,600000000,19,T,4
1676148165.6787064,672,74565,600000000,GPS1_Frame,42.33703952333333,-71.09139239333334,9.173,3.7,327709.23112174147,4689316.693859711,74565,600000000,19,T,4
1676148166.677968,673,74566,600000000,GPS1_Frame,42.337039616666665,-71.09139239833333,9.156,3.7,327709.23096471553,4689316.704233799,74566,600000000,19,T,4
1676148167.6787574,674,74567,600000000,GPS1_Frame,42.33703964,-71.09139241333334,9.175,3.7,327709.22979267413,4689316.706855183,74567,600000000,19,T,4
1676148168.6804416,675,74568,600000000,GPS1_Frame,42.337039688333334,-71.09139236333333,9.177,3.7,327709.2340438935,4689316.712120921,74568,600000000,19,T,4
1676148169.676321,676,74569,600000000,GPS1_Frame,42.337039743333335,-71.09139232166666,9.181,3.7,327709.23762677936,4689316.718143827,74569,600000000,19,T,4
1676148170.6801238,677,74570,600000000,GPS1_Frame,42.33703971333333,-71.09139235,9.187,3.7,327709.23521062394,4689316.714869964,74570,600000000,19,T,4
1676148171.6797292,678,74571,600000000,GPS1_Frame,42.33703907666667,-71.09139249666667,9.114,2.4,327709.2213888288,4689316.64447015,74571,600000000,19,T,4
1676148172.6786375,679,74572,600000000,GPS1_Frame,42.33703902166667,-71.091392485,9.122,2.4,327709.2221997718,4689316.638339181,74572,600000000,19,T,4
1676148173.6851451,680,74573,600000000,GPS1_Frame,42.337039015,-71.09139251,9.114,2.4,327709.2201219562,4689316.637649553,74573,600000000,19,T,4
1676148174.6832924,681,74574,600000000,GPS1_Frame,42.33703903333333,-71.09139254333333,9.11,2.4,327709.21742588247,4689316.63975287,74574,600000000,19,T,4
1676148175.680822,682,74575,600000000,GPS1_Frame,42.337039145,-71.09139249,9.156,2.4,327709.22212467896,4689316.652044539,74575,600000000,19,T,4
1676148176.6881099,683,74576,600000000,GPS1_Frame,42.33703904,-71.09139252833333,9.131,2.4,327709.2186798549,4689316.640462759,74576,600000000,19,T,4
1676148177.6825697,684,74577,600000000,GPS1_Frame,42.337039085,-71.09139248666666,9.147,2.4,327709.2222354305,4689316.645375242,74577,600000000,19,T,4
1676148178.6812723,685,74578,600000000,GPS1_Frame,42.337039035,-71.09139250166666,9.144,2.4,327709.2208631131,4689316.639853515,74578,600000000,19,T,4
1676148179.6761882,686,74579,600000000,GPS1_Frame,42.337039016666665,-71.091392475,9.132,2.4,327709.22300996166,4689316.637763706,74579,600000000,19,T,4
1676148180.6794174,687,74580,600000000,GPS1_Frame,42.337039015,-71.091392495,9.148,2.4,327709.2213577239,4689316.63761916,74580,600000000,19,T,4
1676148181.6759682,688,74581,600000000,GPS1_Frame,42.33703894666667,-71.09139247666667,9.15,2.4,327709.22268148244,4689316.629994116,74581,600000000,19,T,4
1676148182.682065,689,74582,600000000,GPS1_Frame,42.33703893,-71.091392485,9.141,2.4,327709.2219494268,4689316.628160294,74582,600000000,19,T,4
1676148183.6890619,690,74583,600000000,GPS1_Frame,42.337038925,-71.09139249166667,9.137,2.4,327709.22138654435,4689316.627618592,74583,600000000,19,T,4
1676148184.6834266,691,74584,600000000,GPS1_Frame,42.33703891,-71.09139248666666,9.121,2.4,327709.22175749927,4689316.6259428235,74584,600000000,19,T,4
1676148185.6776505,692,74585,600000000,GPS1_Frame,42.33703891,-71.09139251333333,9.122,2.4,327709.2195605838,4689316.625996855,74585,600000000,19,T,4
1676148186.6791027,693,74586,600000000,GPS1_Frame,42.337039745,-71.09139237166667,9.18,3.7,327709.23351211386,4689316.718430209,74586,600000000,19,T,4
1676148187.6801836,694,74587,600000000,GPS1_Frame,42.337038795,-71.09139253666666,9.159,2.7,327709.21732421295,4689316.613274259,74587,600000000,19,T,4
1676148188.6843183,695,74588,600000000,GPS1_Frame,42.33703989,-71.09139224,9.213,3.7,327709.2447553865,4689316.73426457,74588,600000000,19,T,4
1676148189.6855505,696,74589,600000000,GPS1_Frame,42.33703991666667,-71.09139219,9.218,3.8,327709.2489474313,4689316.737124391,74589,600000000,19,T,4
1676148190.6848123,697,74590,600000000,GPS1_Frame,42.33703986333333,-71.09139217,9.227,3.8,327709.2504494621,4689316.731161606,74590,600000000,19,T,4
1676148191.6823359,698,74591,600000000,GPS1_Frame,42.33703985,-71.091392185,9.233,3.8,327709.2491772828,4689316.729711434,74591,600000000,19,T,4
1676148192.6834426,699,74592,600000000,GPS1_Frame,42.33704023166667,-71.091392125,9.217,5.2,327709.25516269007,4689316.771971042,74592,600000000,19,T,4
1676148193.6830854,700,74593,600000000,GPS1_Frame,42.337040136666666,-71.091392205,9.198,5.2,327709.2483124933,4689316.761584111,74593,600000000,19,T,4
1676148194.6823578,701,74594,600000000,GPS1_Frame,42.33704002666666,-71.09139215166667,9.203,3.8,327709.2524059104,4689316.749261382,74594,600000000,19,T,4
1676148195.6827905,702,74595,600000000,GPS1_Frame,42.337040243333334,-71.09139211,9.222,5.2,327709.25643031776,4689316.7732361425,74595,600000000,19,T,4
1676148196.6815405,703,74596,600000000,GPS1_Frame,42.33704029333333,-71.09139207666666,9.207,5.2,327709.2593130143,4689316.7787207225,74596,600000000,19,T,4
1676148197.684985,704,74597,600000000,GPS1_Frame,42.33704025,-71.09139209166666,9.194,5.2,327709.25795890385,4689316.773939279,74597,600000000,19,T,4
1676148198.6840677,705,74598,600000000,GPS1_Frame,42.33704037166667,-71.09139205833333,9.199,5.2,327709.26103732456,4689316.787381895,74598,600000000,19,T,4
1676148199.681987,706,74599,600000000,GPS1_Frame,42.33704014833334,-71.09139213,9.214,3.8,327709.2545231813,4689316.76272764,74599,600000000,19,T,4
1676148200.6831055,707,74600,600000000,GPS1_Frame,42.337040163333334,-71.09139208,9.219,3.8,327709.258683364,4689316.764291965,74600,600000000,19,T,4
1676148201.6855016,708,74601,600000000,GPS1_Frame,42.337040296666665,-71.091392065,9.222,5.3,327709.2602832697,4689316.779067225,74601,600000000,19,T,4
1676148202.687467,709,74602,600000000,GPS1_Frame,42.337040306666665,-71.09139204,9.231,5.3,327709.2623701865,4689316.780126994,74602,600000000,19,T,4
1676148203.685916,710,74603,600000000,GPS1_Frame,42.337040208333335,-71.09139207666666,9.221,5.3,327709.25908087636,4689316.769282119,74603,600000000,19,T,4
1676148204.6867075,711,74604,600000000,GPS1_Frame,42.33704041666667,-71.09139200666667,9.216,3.8,327709.2654167452,4689316.792274117,74604,600000000,19,T,4
1676148205.6827986,712,74605,600000000,GPS1_Frame,42.337040341666665,-71.091391995,9.234,3.8,327709.2661730695,4689316.783922297,74605,600000000,19,T,4
1676148206.6869872,713,74606,600000000,GPS1_Frame,42.33704040333333,-71.09139194,9.244,3.8,327709.270872621,4689316.790658471,74606,600000000,19,T,4
