Time,Header.seq,Header.stamp.secs,Header.stamp.nsecs,Header.frame_id,Latitude,Longitude,Altitude,HDOP,UTM_easting,UTM_northing,UTC,Zone,Letter,FullGPGGAString
1675379879.1916208,0,83874,0,GPS_Frame1,42.336666107177734,-71.00416564941406,21.5,9.0,334894.28125,4689102.0,231754.0,19,T,"$GPGGA,231754.00,4220.25624,N,07105.17498,W,1,09,0.87,21.5,M,-33.2,M,,*54
"
1675379880.641937,0,83875,0,GPS_Frame1,42.336666107177734,-71.00416564941406,21.5,9.0,334894.28125,4689102.0,231755.0,19,T,"$GPGGA,231755.00,4220.25641,N,07105.17543,W,1,09,0.95,21.5,M,-33.2,M,,*52
"
1675379882.0915656,0,83876,0,GPS_Frame1,42.336666107177734,-71.00416564941406,21.600000381469727,9.0,334894.28125,4689102.0,231756.0,19,T,"$GPGGA,231756.00,4220.25657,N,07105.17579,W,1,09,0.87,21.6,M,-33.2,M,,*5F
"
1675379883.5514162,0,83877,0,GPS_Frame1,42.336666107177734,-71.00416564941406,21.5,9.0,334894.28125,4689102.0,231757.0,19,T,"$GPGGA,231757.00,4220.25677,N,07105.17614,W,1,09,0.87,21.5,M,-33.2,M,,*57
"
1675379885.0185652,0,83878,0,GPS_Frame1,42.336666107177734,-71.00416564941406,21.600000381469727,9.0,334894.28125,4689102.0,231758.0,19,T,"$GPGGA,231758.00,4220.25692,N,07105.17649,W,1,09,0.95,21.6,M,-33.2,M,,*5B
"
1675379886.4759803,0,83879,0,GPS_Frame1,42.336666107177734,-71.00416564941406,21.700000762939453,9.0,334894.28125,4689102.0,231759.0,19,T,"$GPGGA,231759.00,4220.25706,N,07105.17679,W,1,09,0.93,21.7,M,-33.2,M,,*52
"
1675379887.9289505,0,83880,0,GPS_Frame1,42.336666107177734,-71.00416564941406,21.899999618530273,9.0,334894.28125,4689102.0,231800.0,19,T,"$GPGGA,231800.00,4220.25725,N,07105.17709,W,1,09,0.95,21.9,M,-33.2,M,,*5E
"
1675379889.4029856,0,83881,0,GPS_Frame1,42.336666107177734,-71.00416564941406,21.899999618530273,9.0,334894.28125,4689102.0,231801.0,19,T,"$GPGGA,231801.00,4220.25745,N,07105.17736,W,1,09,0.93,21.9,M,-33.2,M,,*53
"
1675379890.8598492,0,83882,0,GPS_Frame1,42.336666107177734,-71.00416564941406,21.700000762939453,9.0,334894.28125,4689102.0,231802.0,19,T,"$GPGGA,231802.00,4220.25768,N,07105.17770,W,1,09,0.95,21.7,M,-33.2,M,,*55
"
1675379892.3228688,0,83883,0,GPS_Frame1,42.336666107177734,-71.00416564941406,21.600000381469727,9.0,334894.28125,4689102.0,231803.0,19,T,"$GPGGA,231803.00,4220.25795,N,07105.17797,W,1,09,0.87,21.6,M,-33.2,M,,*5D
"
1675379893.7839088,0,83884,0,GPS_Frame1,42.336666107177734,-71.00416564941406,21.700000762939453,9.0,334894.28125,4689102.0,231804.0,19,T,"$GPGGA,231804.00,4220.25813,N,07105.17821,W,1,09,0.95,21.7,M,-33.2,M,,*5B
"
1675379895.2454166,0,83885,0,GPS_Frame1,42.336666107177734,-71.00416564941406,21.600000381469727,9.0,334894.28125,4689102.0,231805.0,19,T,"$GPGGA,231805.00,4220.25840,N,07105.17842,W,1,09,0.87,21.6,M,-33.2,M,,*5B
"
1675379896.7013702,0,83886,0,GPS_Frame1,42.336666107177734,-71.00416564941406,21.600000381469727,9.0,334894.28125,4689102.0,231806.0,19,T,"$GPGGA,231806.00,4220.25868,N,07105.17859,W,1,09,0.95,21.6,M,-33.2,M,,*5B
"
1675379898.161666,0,83887,0,GPS_Frame1,42.336666107177734,-71.00416564941406,21.5,8.0,334894.28125,4689102.0,231807.0,19,T,"$GPGGA,231807.00,4220.25891,N,07105.17878,W,1,08,0.93,21.5,M,-33.2,M,,*5B
"
1675379899.6270497,0,83888,0,GPS_Frame1,42.336666107177734,-71.00416564941406,21.299999237060547,8.0,334894.28125,4689102.0,231808.0,19,T,"$GPGGA,231808.00,4220.25912,N,07105.17901,W,1,08,1.02,21.3,M,-33.2,M,,*5E
"
1675379901.0878932,0,83889,0,GPS_Frame1,42.336666107177734,-71.00416564941406,21.200000762939453,8.0,334894.28125,4689102.0,231809.0,19,T,"$GPGGA,231809.00,4220.25933,N,07105.17920,W,1,08,0.93,21.2,M,-33.2,M,,*57
"
1675379903.2616823,0,83902,0,GPS_Frame1,42.336666107177734,-71.00433349609375,22.700000762939453,8.0,334880.53125,4689102.5,231822.0,19,T,"$GPGGA,231822.00,4220.26037,N,07105.18008,W,1,08,1.02,22.7,M,-33.2,M,,*53
"
1675379904.728479,0,83903,0,GPS_Frame1,42.336666107177734,-71.00433349609375,22.799999237060547,9.0,334880.53125,4689102.5,231823.0,19,T,"$GPGGA,231823.00,4220.26047,N,07105.18007,W,1,09,1.06,22.8,M,-33.2,M,,*50
"
1675379906.2054884,0,83904,0,GPS_Frame1,42.336666107177734,-71.00433349609375,22.899999618530273,9.0,334880.53125,4689102.5,231824.0,19,T,"$GPGGA,231824.00,4220.26061,N,07105.18007,W,1,09,0.95,22.9,M,-33.2,M,,*59
"
1675379907.6540575,0,83905,0,GPS_Frame1,42.336666107177734,-71.00433349609375,22.899999618530273,9.0,334880.53125,4689102.5,231825.0,19,T,"$GPGGA,231825.00,4220.26072,N,07105.18009,W,1,09,0.93,22.9,M,-33.2,M,,*52
"
1675379909.1164744,0,83906,0,GPS_Frame1,42.336666107177734,-71.00433349609375,23.0,9.0,334880.53125,4689102.5,231826.0,19,T,"$GPGGA,231826.00,4220.26083,N,07105.18012,W,1,09,1.02,23.0,M,-33.2,M,,*54
"
1675379910.567682,0,83907,0,GPS_Frame1,42.336666107177734,-71.00433349609375,23.0,9.0,334880.53125,4689102.5,231827.0,19,T,"$GPGGA,231827.00,4220.26094,N,07105.18013,W,1,09,1.06,23.0,M,-33.2,M,,*56
"
1675379912.0300517,0,83908,0,GPS_Frame1,42.336666107177734,-71.00433349609375,23.100000381469727,9.0,334880.53125,4689102.5,231828.0,19,T,"$GPGGA,231828.00,4220.26106,N,07105.18022,W,1,09,1.02,23.1,M,-33.2,M,,*54
"
1675379913.4726121,0,83909,0,GPS_Frame1,42.336666107177734,-71.00433349609375,22.899999618530273,9.0,334880.53125,4689102.5,231829.0,19,T,"$GPGGA,231829.00,4220.26119,N,07105.18029,W,1,09,1.06,22.9,M,-33.2,M,,*5D
"
1675379914.9083462,0,83910,0,GPS_Frame1,42.336666107177734,-71.00433349609375,22.799999237060547,9.0,334880.53125,4689102.5,231830.0,19,T,"$GPGGA,231830.00,4220.26134,N,07105.18038,W,1,09,1.02,22.8,M,-33.2,M,,*5F
"
1675379916.3593886,0,83911,0,GPS_Frame1,42.336666107177734,-71.00433349609375,22.799999237060547,9.0,334880.53125,4689102.5,231831.0,19,T,"$GPGGA,231831.00,4220.26148,N,07105.18046,W,1,09,0.93,22.8,M,-33.2,M,,*55
"
1675379917.8122106,0,83912,0,GPS_Frame1,42.336666107177734,-71.00433349609375,22.799999237060547,9.0,334880.53125,4689102.5,231832.0,19,T,"$GPGGA,231832.00,4220.26160,N,07105.18054,W,1,09,1.02,22.8,M,-33.2,M,,*56
"
1675379919.272157,0,83913,0,GPS_Frame1,42.336666107177734,-71.00433349609375,22.799999237060547,9.0,334880.53125,4689102.5,231833.0,19,T,"$GPGGA,231833.00,4220.26174,N,07105.18056,W,1,09,1.06,22.8,M,-33.2,M,,*54
"
1675379920.7359266,0,83914,0,GPS_Frame1,42.336666107177734,-71.00433349609375,22.899999618530273,9.0,334880.53125,4689102.5,231834.0,19,T,"$GPGGA,231834.00,4220.26186,N,07105.18064,W,1,09,1.02,22.9,M,-33.2,M,,*5A
"
1675379922.1924093,0,83915,0,GPS_Frame1,42.336666107177734,-71.00433349609375,22.799999237060547,9.0,334880.53125,4689102.5,231835.0,19,T,"$GPGGA,231835.00,4220.26203,N,07105.18067,W,1,09,1.06,22.8,M,-33.2,M,,*53
"
1675379923.6501496,0,83916,0,GPS_Frame1,42.336666107177734,-71.00433349609375,22.700000762939453,9.0,334880.53125,4689102.5,231836.0,19,T,"$GPGGA,231836.00,4220.26217,N,07105.18082,W,1,09,1.02,22.7,M,-33.2,M,,*55
"
1675379925.1062841,0,83917,0,GPS_Frame1,42.336666107177734,-71.00433349609375,22.600000381469727,9.0,334880.53125,4689102.5,231837.0,19,T,"$GPGGA,231837.00,4220.26235,N,07105.18083,W,1,09,1.06,22.6,M,-33.2,M,,*50
"
1675379926.5593514,0,83918,0,GPS_Frame1,42.336666107177734,-71.00433349609375,22.700000762939453,9.0,334880.53125,4689102.5,231838.0,19,T,"$GPGGA,231838.00,4220.26244,N,07105.18094,W,1,09,1.02,22.7,M,-33.2,M,,*5A
"
1675379928.011835,0,83919,0,GPS_Frame1,42.336666107177734,-71.00433349609375,22.799999237060547,9.0,334880.53125,4689102.5,231839.0,19,T,"$GPGGA,231839.00,4220.26255,N,07105.18103,W,1,09,0.93,22.8,M,-33.2,M,,*52
"
1675379929.4658687,0,83920,0,GPS_Frame1,42.336666107177734,-71.00433349609375,22.899999618530273,9.0,334880.53125,4689102.5,231840.0,19,T,"$GPGGA,231840.00,4220.26264,N,07105.18117,W,1,09,1.02,22.9,M,-33.2,M,,*53
"
1675379930.9316244,0,83921,0,GPS_Frame1,42.336666107177734,-71.00433349609375,23.0,9.0,334880.53125,4689102.5,231841.0,19,T,"$GPGGA,231841.00,4220.26271,N,07105.18130,W,1,09,0.93,23.0,M,-33.2,M,,*52
"
1675379932.3877392,0,83922,0,GPS_Frame1,42.336666107177734,-71.00433349609375,23.200000762939453,9.0,334880.53125,4689102.5,231842.0,19,T,"$GPGGA,231842.00,4220.26272,N,07105.18141,W,1,09,1.07,23.2,M,-33.2,M,,*5A
"
1675379933.8435593,0,83923,0,GPS_Frame1,42.336666107177734,-71.00433349609375,23.399999618530273,9.0,334880.53125,4689102.5,231843.0,19,T,"$GPGGA,231843.00,4220.26269,N,07105.18150,W,1,09,1.06,23.4,M,-33.2,M,,*56
"
1675379935.296968,0,83924,0,GPS_Frame1,42.336666107177734,-71.00433349609375,23.700000762939453,9.0,334880.53125,4689102.5,231844.0,19,T,"$GPGGA,231844.00,4220.26264,N,07105.18165,W,1,09,1.02,23.7,M,-33.2,M,,*5D
"
1675379936.7504168,0,83925,0,GPS_Frame1,42.336666107177734,-71.00433349609375,24.0,9.0,334880.53125,4689102.5,231845.0,19,T,"$GPGGA,231845.00,4220.26259,N,07105.18177,W,1,09,0.93,24.0,M,-33.2,M,,*58
"
1675379938.2031372,0,83926,0,GPS_Frame1,42.336666107177734,-71.00433349609375,24.299999237060547,9.0,334880.53125,4689102.5,231846.0,19,T,"$GPGGA,231846.00,4220.26254,N,07105.18193,W,1,09,1.02,24.3,M,-33.2,M,,*56
"
1675379940.1990967,0,83939,0,GPS_Frame1,42.336666107177734,-71.00433349609375,25.799999237060547,9.0,334880.53125,4689102.5,231859.0,19,T,"$GPGGA,231859.00,4220.26224,N,07105.18338,W,1,09,1.02,25.8,M,-33.2,M,,*56
"
1675379941.6499445,0,83940,0,GPS_Frame1,42.336666107177734,-71.00433349609375,25.799999237060547,9.0,334880.53125,4689102.5,231900.0,19,T,"$GPGGA,231900.00,4220.26220,N,07105.18355,W,1,09,1.02,25.8,M,-33.2,M,,*54
"
1675379943.10859,0,83941,0,GPS_Frame1,42.336666107177734,-71.00433349609375,25.700000762939453,9.0,334880.53125,4689102.5,231901.0,19,T,"$GPGGA,231901.00,4220.26220,N,07105.18372,W,1,09,1.02,25.7,M,-33.2,M,,*5F
"
1675379944.572071,0,83942,0,GPS_Frame1,42.336666107177734,-71.00433349609375,25.600000381469727,9.0,334880.53125,4689102.5,231902.0,19,T,"$GPGGA,231902.00,4220.26221,N,07105.18393,W,1,09,0.93,25.6,M,-33.2,M,,*5A
"
1675379946.0346885,0,83943,0,GPS_Frame1,42.336666107177734,-71.00433349609375,25.600000381469727,9.0,334880.53125,4689102.5,231903.0,19,T,"$GPGGA,231903.00,4220.26219,N,07105.18415,W,1,09,0.93,25.6,M,-33.2,M,,*59
"
1675379947.4895172,0,83944,0,GPS_Frame1,42.336666107177734,-71.00433349609375,25.600000381469727,9.0,334880.53125,4689102.5,231904.0,19,T,"$GPGGA,231904.00,4220.26217,N,07105.18430,W,1,09,0.93,25.6,M,-33.2,M,,*57
"
1675379948.9625754,0,83945,0,GPS_Frame1,42.336666107177734,-71.00433349609375,25.600000381469727,9.0,334880.53125,4689102.5,231905.0,19,T,"$GPGGA,231905.00,4220.26216,N,07105.18453,W,1,09,1.02,25.6,M,-33.2,M,,*5B
"
1675379950.42615,0,83946,0,GPS_Frame1,42.336666107177734,-71.00433349609375,25.600000381469727,9.0,334880.53125,4689102.5,231906.0,19,T,"$GPGGA,231906.00,4220.26217,N,07105.18466,W,1,09,1.05,25.6,M,-33.2,M,,*58
"
1675379951.8759744,0,83947,0,GPS_Frame1,42.336666107177734,-71.00433349609375,25.600000381469727,8.0,334880.53125,4689102.5,231907.0,19,T,"$GPGGA,231907.00,4220.26216,N,07105.18489,W,1,08,1.02,25.6,M,-33.2,M,,*5F
"
1675379953.3214147,0,83948,0,GPS_Frame1,42.336666107177734,-71.00433349609375,25.600000381469727,9.0,334880.53125,4689102.5,231908.0,19,T,"$GPGGA,231908.00,4220.26215,N,07105.18513,W,1,09,1.02,25.6,M,-33.2,M,,*50
"
1675379954.7724836,0,83949,0,GPS_Frame1,42.336666107177734,-71.00433349609375,25.700000762939453,9.0,334880.53125,4689102.5,231909.0,19,T,"$GPGGA,231909.00,4220.26213,N,07105.18535,W,1,09,1.02,25.7,M,-33.2,M,,*52
"
1675379956.2271,0,83950,0,GPS_Frame1,42.336666107177734,-71.00433349609375,25.5,9.0,334880.53125,4689102.5,231910.0,19,T,"$GPGGA,231910.00,4220.26215,N,07105.18549,W,1,09,1.05,25.5,M,-33.2,M,,*52
"
1675379957.6871142,0,83951,0,GPS_Frame1,42.336666107177734,-71.00433349609375,25.399999618530273,9.0,334880.53125,4689102.5,231911.0,19,T,"$GPGGA,231911.00,4220.26216,N,07105.18561,W,1,09,1.05,25.4,M,-33.2,M,,*5B
"
1675379959.154241,0,83952,0,GPS_Frame1,42.336666107177734,-71.00433349609375,25.399999618530273,9.0,334880.53125,4689102.5,231912.0,19,T,"$GPGGA,231912.00,4220.26212,N,07105.18582,W,1,09,1.02,25.4,M,-33.2,M,,*56
"
1675379960.6307974,0,83953,0,GPS_Frame1,42.336666107177734,-71.00433349609375,25.399999618530273,9.0,334880.53125,4689102.5,231913.0,19,T,"$GPGGA,231913.00,4220.26211,N,07105.18603,W,1,09,0.93,25.4,M,-33.2,M,,*57
"
1675379962.0873864,0,83954,0,GPS_Frame1,42.336666107177734,-71.00433349609375,25.399999618530273,9.0,334880.53125,4689102.5,231914.0,19,T,"$GPGGA,231914.00,4220.26209,N,07105.18623,W,1,09,1.02,25.4,M,-33.2,M,,*52
"
1675379963.5662293,0,83955,0,GPS_Frame1,42.336666107177734,-71.00433349609375,25.399999618530273,9.0,334880.53125,4689102.5,231915.0,19,T,"$GPGGA,231915.00,4220.26205,N,07105.18639,W,1,09,0.93,25.4,M,-33.2,M,,*5D
"
1675379965.0064723,0,83956,0,GPS_Frame1,42.336666107177734,-71.00433349609375,25.399999618530273,9.0,334880.53125,4689102.5,231916.0,19,T,"$GPGGA,231916.00,4220.26201,N,07105.18659,W,1,09,1.02,25.4,M,-33.2,M,,*55
"
1675379966.4755418,0,83957,0,GPS_Frame1,42.336666107177734,-71.00433349609375,25.299999237060547,9.0,334880.53125,4689102.5,231917.0,19,T,"$GPGGA,231917.00,4220.26201,N,07105.18669,W,1,09,1.05,25.3,M,-33.2,M,,*57
"
1675379967.934209,0,83958,0,GPS_Frame1,42.336666107177734,-71.00433349609375,25.200000762939453,8.0,334880.53125,4689102.5,231918.0,19,T,"$GPGGA,231918.00,4220.26203,N,07105.18678,W,1,08,0.97,25.2,M,-33.2,M,,*50
"
1675379969.3966002,0,83959,0,GPS_Frame1,42.336666107177734,-71.00433349609375,25.200000762939453,9.0,334880.53125,4689102.5,231919.0,19,T,"$GPGGA,231919.00,4220.26204,N,07105.18692,W,1,09,0.95,25.2,M,-33.2,M,,*51
"
1675379970.8548453,0,83960,0,GPS_Frame1,42.336666107177734,-71.00433349609375,25.200000762939453,9.0,334880.53125,4689102.5,231920.0,19,T,"$GPGGA,231920.00,4220.26201,N,07105.18707,W,1,09,1.03,25.2,M,-33.2,M,,*5D
"
1675379972.3075864,0,83961,0,GPS_Frame1,42.336666107177734,-71.00433349609375,25.200000762939453,9.0,334880.53125,4689102.5,231921.0,19,T,"$GPGGA,231921.00,4220.26201,N,07105.18718,W,1,09,1.08,25.2,M,-33.2,M,,*59
"
1675379973.7450628,0,83962,0,GPS_Frame1,42.336666107177734,-71.00433349609375,25.299999237060547,9.0,334880.53125,4689102.5,231922.0,19,T,"$GPGGA,231922.00,4220.26197,N,07105.18729,W,1,09,0.93,25.3,M,-33.2,M,,*56
"
1675379975.212448,0,83963,0,GPS_Frame1,42.336666107177734,-71.00433349609375,25.299999237060547,8.0,334880.53125,4689102.5,231923.0,19,T,"$GPGGA,231923.00,4220.26195,N,07105.18742,W,1,08,1.08,25.3,M,-33.2,M,,*5A
"
1675379976.3686895,0,83976,0,GPS_Frame1,42.336666107177734,-71.00433349609375,25.799999237060547,9.0,334880.53125,4689102.5,231936.0,19,T,"$GPGGA,231936.00,4220.26178,N,07105.18869,W,1,09,0.93,25.8,M,-33.2,M,,*52
"
1675379979.0680783,0,83977,0,GPS_Frame1,42.336666107177734,-71.00433349609375,25.700000762939453,8.0,334880.53125,4689102.5,231937.0,19,T,"$GPGGA,231937.00,4220.26182,N,07105.18870,W,1,08,0.97,25.7,M,-33.2,M,,*54
"
1675379980.5154083,0,83978,0,GPS_Frame1,42.336666107177734,-71.00433349609375,25.5,9.0,334880.53125,4689102.5,231938.0,19,T,"$GPGGA,231938.00,4220.26187,N,07105.18869,W,1,09,0.87,25.5,M,-33.2,M,,*54
"
1675379981.9708796,0,83979,0,GPS_Frame1,42.336666107177734,-71.00433349609375,25.399999618530273,9.0,334880.53125,4689102.5,231939.0,19,T,"$GPGGA,231939.00,4220.26188,N,07105.18878,W,1,09,0.93,25.4,M,-33.2,M,,*5E
"
1675379983.4201255,0,83980,0,GPS_Frame1,42.336666107177734,-71.00433349609375,25.5,9.0,334880.53125,4689102.5,231940.0,19,T,"$GPGGA,231940.00,4220.26187,N,07105.18892,W,1,09,0.87,25.5,M,-33.2,M,,*5F
"
1675379984.8971472,0,83981,0,GPS_Frame1,42.336666107177734,-71.00433349609375,25.299999237060547,9.0,334880.53125,4689102.5,231941.0,19,T,"$GPGGA,231941.00,4220.26191,N,07105.18890,W,1,09,0.97,25.3,M,-33.2,M,,*5C
"
1675379986.3567803,0,83982,0,GPS_Frame1,42.336666107177734,-71.00433349609375,25.100000381469727,8.0,334880.53125,4689102.5,231942.0,19,T,"$GPGGA,231942.00,4220.26198,N,07105.18890,W,1,08,0.97,25.1,M,-33.2,M,,*55
"
1675379987.8096275,0,83983,0,GPS_Frame1,42.336666107177734,-71.00433349609375,25.0,8.0,334880.53125,4689102.5,231943.0,19,T,"$GPGGA,231943.00,4220.26204,N,07105.18885,W,1,08,0.97,25.0,M,-33.2,M,,*57
"
1675379989.2837338,0,83984,0,GPS_Frame1,42.336666107177734,-71.00433349609375,24.899999618530273,8.0,334880.53125,4689102.5,231944.0,19,T,"$GPGGA,231944.00,4220.26212,N,07105.18884,W,1,08,1.08,24.9,M,-33.2,M,,*59
"
1675379990.745187,0,83985,0,GPS_Frame1,42.336666107177734,-71.00433349609375,24.899999618530273,8.0,334880.53125,4689102.5,231945.0,19,T,"$GPGGA,231945.00,4220.26219,N,07105.18893,W,1,08,1.08,24.9,M,-33.2,M,,*55
"
1675379992.200992,0,83986,0,GPS_Frame1,42.336666107177734,-71.00433349609375,24.799999237060547,8.0,334880.53125,4689102.5,231946.0,19,T,"$GPGGA,231946.00,4220.26226,N,07105.18889,W,1,08,1.34,24.8,M,-33.2,M,,*5F
"
1675379993.6614835,0,83987,0,GPS_Frame1,42.336666107177734,-71.00433349609375,24.700000762939453,9.0,334880.53125,4689102.5,231947.0,19,T,"$GPGGA,231947.00,4220.26232,N,07105.18890,W,1,09,1.02,24.7,M,-33.2,M,,*58
"
1675379995.114958,0,83988,0,GPS_Frame1,42.336666107177734,-71.00433349609375,24.600000381469727,8.0,334880.53125,4689102.5,231948.0,19,T,"$GPGGA,231948.00,4220.26239,N,07105.18894,W,1,08,0.95,24.6,M,-33.2,M,,*57
"
1675379996.5802958,0,83989,0,GPS_Frame1,42.336666107177734,-71.00433349609375,24.5,9.0,334880.53125,4689102.5,231949.0,19,T,"$GPGGA,231949.00,4220.26244,N,07105.18897,W,1,09,0.95,24.5,M,-33.2,M,,*5D
"
1675379998.0363805,0,83990,0,GPS_Frame1,42.336666107177734,-71.00433349609375,24.700000762939453,8.0,334880.53125,4689102.5,231950.0,19,T,"$GPGGA,231950.00,4220.26247,N,07105.18925,W,1,08,0.95,24.7,M,-33.2,M,,*5D
"
1675379999.4936006,0,83991,0,GPS_Frame1,42.336666107177734,-71.00433349609375,24.700000762939453,9.0,334880.53125,4689102.5,231951.0,19,T,"$GPGGA,231951.00,4220.26257,N,07105.18933,W,1,09,1.06,24.7,M,-33.2,M,,*50
"
1675380000.9394956,0,83992,0,GPS_Frame1,42.336666107177734,-71.00433349609375,24.700000762939453,7.0,334880.53125,4689102.5,231952.0,19,T,"$GPGGA,231952.00,4220.26265,N,07105.18933,W,1,07,1.08,24.7,M,-33.2,M,,*52
"
1675380002.3917115,0,83993,0,GPS_Frame1,42.336666107177734,-71.00433349609375,24.700000762939453,9.0,334880.53125,4689102.5,231953.0,19,T,"$GPGGA,231953.00,4220.26272,N,07105.18942,W,1,09,0.95,24.7,M,-33.2,M,,*58
"
1675380003.8406746,0,83994,0,GPS_Frame1,42.336666107177734,-71.00433349609375,24.799999237060547,8.0,334880.53125,4689102.5,231954.0,19,T,"$GPGGA,231954.00,4220.26278,N,07105.18943,W,1,08,0.95,24.8,M,-33.2,M,,*5A
"
1675380005.3129444,0,83995,0,GPS_Frame1,42.336666107177734,-71.00433349609375,25.0,8.0,334880.53125,4689102.5,231955.0,19,T,"$GPGGA,231955.00,4220.26282,N,07105.18945,W,1,08,1.08,25.0,M,-33.2,M,,*54
"
1675380006.7648213,0,83996,0,GPS_Frame1,42.336666107177734,-71.00433349609375,24.899999618530273,9.0,334880.53125,4689102.5,231956.0,19,T,"$GPGGA,231956.00,4220.26293,N,07105.18944,W,1,09,1.06,24.9,M,-33.2,M,,*51
"
1675380008.217564,0,83997,0,GPS_Frame1,42.336666107177734,-71.00433349609375,24.899999618530273,8.0,334880.53125,4689102.5,231957.0,19,T,"$GPGGA,231957.00,4220.26296,N,07105.18944,W,1,08,1.02,24.9,M,-33.2,M,,*50
"
1675380009.682377,0,83998,0,GPS_Frame1,42.336666107177734,-71.00433349609375,24.899999618530273,9.0,334880.53125,4689102.5,231958.0,19,T,"$GPGGA,231958.00,4220.26302,N,07105.18944,W,1,09,1.08,24.9,M,-33.2,M,,*58
"
1675380011.144108,0,83999,0,GPS_Frame1,42.336666107177734,-71.00433349609375,25.0,9.0,334880.53125,4689102.5,231959.0,19,T,"$GPGGA,231959.00,4220.26305,N,07105.18945,W,1,09,0.95,25.0,M,-33.2,M,,*52
"
1675380012.3689935,0,84012,0,GPS_Frame1,42.336666107177734,-71.00433349609375,24.700000762939453,8.0,334880.53125,4689102.5,232012.0,19,T,"$GPGGA,232012.00,4220.26377,N,07105.18854,W,1,08,0.97,24.7,M,-33.2,M,,*56
"
1675380015.088105,0,84013,0,GPS_Frame1,42.336666107177734,-71.00433349609375,24.799999237060547,9.0,334880.53125,4689102.5,232013.0,19,T,"$GPGGA,232013.00,4220.26378,N,07105.18852,W,1,09,1.02,24.8,M,-33.2,M,,*5D
"
1675380016.541948,0,84014,0,GPS_Frame1,42.336666107177734,-71.00433349609375,24.799999237060547,9.0,334880.53125,4689102.5,232014.0,19,T,"$GPGGA,232014.00,4220.26380,N,07105.18840,W,1,09,0.93,24.8,M,-33.2,M,,*57
"
1675380018.008695,0,84015,0,GPS_Frame1,42.336666107177734,-71.00433349609375,25.0,9.0,334880.53125,4689102.5,232015.0,19,T,"$GPGGA,232015.00,4220.26382,N,07105.18854,W,1,09,1.07,25.0,M,-33.2,M,,*54
"
1675380019.4667368,0,84016,0,GPS_Frame1,42.336666107177734,-71.00433349609375,25.0,9.0,334880.53125,4689102.5,232016.0,19,T,"$GPGGA,232016.00,4220.26388,N,07105.18852,W,1,09,1.16,25.0,M,-33.2,M,,*5B
"
1675380020.9154096,0,84017,0,GPS_Frame1,42.336666107177734,-71.00433349609375,25.0,9.0,334880.53125,4689102.5,232017.0,19,T,"$GPGGA,232017.00,4220.26391,N,07105.18838,W,2,09,0.95,25.0,M,-33.2,M,,0000*57
"
1675380022.375979,0,84018,0,GPS_Frame1,42.336666107177734,-71.00433349609375,25.0,9.0,334880.53125,4689102.5,232018.0,19,T,"$GPGGA,232018.00,4220.26399,N,07105.18843,W,2,09,0.97,25.0,M,-33.2,M,,0000*5E
"
1675380023.841422,0,84019,0,GPS_Frame1,42.336666107177734,-71.00433349609375,25.200000762939453,9.0,334880.53125,4689102.5,232019.0,19,T,"$GPGGA,232019.00,4220.26397,N,07105.18842,W,2,09,1.02,25.2,M,-33.2,M,,0000*5F
"
1675380025.2996502,0,84020,0,GPS_Frame1,42.336666107177734,-71.00433349609375,25.299999237060547,9.0,334880.53125,4689102.5,232020.0,19,T,"$GPGGA,232020.00,4220.26393,N,07105.18846,W,2,09,1.02,25.3,M,-33.2,M,,0000*54
"
1675380026.7553377,0,84021,0,GPS_Frame1,42.336666107177734,-71.00433349609375,25.299999237060547,9.0,334880.53125,4689102.5,232021.0,19,T,"$GPGGA,232021.00,4220.26392,N,07105.18842,W,2,09,0.97,25.3,M,-33.2,M,,0000*5D
"
1675380028.2171474,0,84022,0,GPS_Frame1,42.336666107177734,-71.00433349609375,25.399999618530273,9.0,334880.53125,4689102.5,232022.0,19,T,"$GPGGA,232022.00,4220.26391,N,07105.18854,W,2,09,0.93,25.4,M,-33.2,M,,0000*59
"
1675380029.6759841,0,84023,0,GPS_Frame1,42.336666107177734,-71.00433349609375,25.5,9.0,334880.53125,4689102.5,232023.0,19,T,"$GPGGA,232023.00,4220.26395,N,07105.18864,W,2,09,0.97,25.5,M,-33.2,M,,0000*5A
"
1675380031.1376357,0,84024,0,GPS_Frame1,42.336666107177734,-71.00433349609375,25.600000381469727,9.0,334880.53125,4689102.5,232024.0,19,T,"$GPGGA,232024.00,4220.26395,N,07105.18872,W,2,09,0.93,25.6,M,-33.2,M,,0000*5D
"
1675380032.5920088,0,84025,0,GPS_Frame1,42.336666107177734,-71.00433349609375,25.700000762939453,9.0,334880.53125,4689102.5,232025.0,19,T,"$GPGGA,232025.00,4220.26394,N,07105.18878,W,2,09,0.93,25.7,M,-33.2,M,,0000*56
"
1675380034.0540388,0,84026,0,GPS_Frame1,42.336666107177734,-71.00433349609375,25.899999618530273,9.0,334880.53125,4689102.5,232026.0,19,T,"$GPGGA,232026.00,4220.26394,N,07105.18899,W,2,09,0.97,25.9,M,-33.2,M,,0000*50
"
1675380035.5059884,0,84027,0,GPS_Frame1,42.336666107177734,-71.00433349609375,26.299999237060547,9.0,334880.53125,4689102.5,232027.0,19,T,"$GPGGA,232027.00,4220.26392,N,07105.18921,W,2,09,0.97,26.3,M,-33.2,M,,0000*5C
"
1675380036.9467864,0,84028,0,GPS_Frame1,42.336666107177734,-71.00433349609375,26.5,9.0,334880.53125,4689102.5,232028.0,19,T,"$GPGGA,232028.00,4220.26384,N,07105.18926,W,2,09,0.93,26.5,M,-33.2,M,,0000*51
"
1675380038.398234,0,84029,0,GPS_Frame1,42.336666107177734,-71.00433349609375,26.799999237060547,9.0,334880.53125,4689102.5,232029.0,19,T,"$GPGGA,232029.00,4220.26375,N,07105.18926,W,2,09,0.87,26.8,M,-33.2,M,,0000*56
"
1675380039.851671,0,84030,0,GPS_Frame1,42.336666107177734,-71.00433349609375,27.100000381469727,9.0,334880.53125,4689102.5,232030.0,19,T,"$GPGGA,232030.00,4220.26368,N,07105.18928,W,2,09,0.87,27.1,M,-33.2,M,,0000*54
"
1675380041.3042216,0,84031,0,GPS_Frame1,42.336666107177734,-71.00433349609375,27.100000381469727,9.0,334880.53125,4689102.5,232031.0,19,T,"$GPGGA,232031.00,4220.26367,N,07105.18938,W,2,09,0.87,27.1,M,-33.2,M,,0000*5B
"
1675380042.761577,0,84032,0,GPS_Frame1,42.336666107177734,-71.00433349609375,27.399999618530273,9.0,334880.53125,4689102.5,232032.0,19,T,"$GPGGA,232032.00,4220.26359,N,07105.18949,W,2,09,0.93,27.4,M,-33.2,M,,0000*53
"
1675380044.2070005,0,84033,0,GPS_Frame1,42.336666107177734,-71.00433349609375,27.600000381469727,9.0,334880.53125,4689102.5,232033.0,19,T,"$GPGGA,232033.00,4220.26351,N,07105.18957,W,2,09,0.87,27.6,M,-33.2,M,,0000*52
"
1675380045.6632931,0,84034,0,GPS_Frame1,42.336666107177734,-71.00433349609375,27.899999618530273,9.0,334880.53125,4689102.5,232034.0,19,T,"$GPGGA,232034.00,4220.26339,N,07105.18944,W,2,09,0.87,27.9,M,-33.2,M,,0000*56
"
1675380047.1158128,0,84035,0,GPS_Frame1,42.336666107177734,-71.00433349609375,28.200000762939453,9.0,334880.53125,4689102.5,232035.0,19,T,"$GPGGA,232035.00,4220.26327,N,07105.18935,W,2,09,0.87,28.2,M,-33.2,M,,0000*5A
"
1675380049.1054807,0,84048,0,GPS_Frame1,42.336666107177734,-71.00433349609375,31.200000762939453,9.0,334880.53125,4689102.5,232048.0,19,T,"$GPGGA,232048.00,4220.26206,N,07105.18849,W,2,09,0.93,31.2,M,-33.2,M,,0000*55
"
1675380050.5673604,0,84049,0,GPS_Frame1,42.336666107177734,-71.00433349609375,31.299999237060547,9.0,334880.53125,4689102.5,232049.0,19,T,"$GPGGA,232049.00,4220.26200,N,07105.18844,W,2,09,0.87,31.3,M,-33.2,M,,0000*5B
"
1675380052.0112112,0,84050,0,GPS_Frame1,42.336666107177734,-71.00433349609375,31.399999618530273,9.0,334880.53125,4689102.5,232050.0,19,T,"$GPGGA,232050.00,4220.26195,N,07105.18839,W,2,09,0.87,31.4,M,-33.2,M,,0000*51
"
1675380053.4638808,0,84051,0,GPS_Frame1,42.336666107177734,-71.00433349609375,31.600000381469727,9.0,334880.53125,4689102.5,232051.0,19,T,"$GPGGA,232051.00,4220.26188,N,07105.18840,W,2,09,0.87,31.6,M,-33.2,M,,0000*50
"
1675380054.918934,0,84052,0,GPS_Frame1,42.336666107177734,-71.00433349609375,32.0,9.0,334880.53125,4689102.5,232052.0,19,T,"$GPGGA,232052.00,4220.26176,N,07105.18852,W,2,09,0.93,32.0,M,-33.2,M,,0000*51
"
1675380056.4018512,0,84053,0,GPS_Frame1,42.336666107177734,-71.00433349609375,32.29999923706055,9.0,334880.53125,4689102.5,232053.0,19,T,"$GPGGA,232053.00,4220.26167,N,07105.18861,W,2,09,0.87,32.3,M,-33.2,M,,0000*56
"
1675380057.8635416,0,84054,0,GPS_Frame1,42.336666107177734,-71.00433349609375,32.599998474121094,9.0,334880.53125,4689102.5,232054.0,19,T,"$GPGGA,232054.00,4220.26160,N,07105.18864,W,2,09,0.87,32.6,M,-33.2,M,,0000*56
"
1675380059.3275952,0,84055,0,GPS_Frame1,42.336666107177734,-71.00433349609375,32.79999923706055,9.0,334880.53125,4689102.5,232055.0,19,T,"$GPGGA,232055.00,4220.26154,N,07105.18869,W,2,09,0.87,32.8,M,-33.2,M,,0000*53
"
1675380060.7919648,0,84056,0,GPS_Frame1,42.336666107177734,-71.00433349609375,33.099998474121094,9.0,334880.53125,4689102.5,232056.0,19,T,"$GPGGA,232056.00,4220.26142,N,07105.18866,W,2,09,0.93,33.1,M,-33.2,M,,0000*55
"
1675380062.2413125,0,84057,0,GPS_Frame1,42.336666107177734,-71.00433349609375,33.29999923706055,9.0,334880.53125,4689102.5,232057.0,19,T,"$GPGGA,232057.00,4220.26132,N,07105.18857,W,2,09,0.87,33.3,M,-33.2,M,,0000*56
"
1675380063.7126412,0,84058,0,GPS_Frame1,42.336666107177734,-71.00433349609375,33.599998474121094,9.0,334880.53125,4689102.5,232058.0,19,T,"$GPGGA,232058.00,4220.26123,N,07105.18861,W,2,09,0.95,33.6,M,-33.2,M,,0000*5A
"
1675380065.1685243,0,84059,0,GPS_Frame1,42.336666107177734,-71.00433349609375,33.900001525878906,9.0,334880.53125,4689102.5,232059.0,19,T,"$GPGGA,232059.00,4220.26119,N,07105.18866,W,2,09,0.87,33.9,M,-33.2,M,,0000*59
"
1675380066.62797,0,84060,0,GPS_Frame1,42.336666107177734,-71.00433349609375,34.0,9.0,334880.53125,4689102.5,232100.0,19,T,"$GPGGA,232100.00,4220.26112,N,07105.18863,W,2,09,0.93,34.0,M,-33.2,M,,0000*51
"
1675380068.0886657,0,84061,0,GPS_Frame1,42.336666107177734,-71.00433349609375,34.20000076293945,9.0,334880.53125,4689102.5,232101.0,19,T,"$GPGGA,232101.00,4220.26107,N,07105.18861,W,2,09,0.95,34.2,M,-33.2,M,,0000*52
"
1675380069.5477731,0,84062,0,GPS_Frame1,42.336666107177734,-71.00433349609375,34.5,9.0,334880.53125,4689102.5,232102.0,19,T,"$GPGGA,232102.00,4220.26104,N,07105.18861,W,2,09,0.87,34.5,M,-33.2,M,,0000*56
"
1675380071.0073314,0,84063,0,GPS_Frame1,42.336666107177734,-71.00433349609375,34.70000076293945,9.0,334880.53125,4689102.5,232103.0,19,T,"$GPGGA,232103.00,4220.26101,N,07105.18862,W,2,09,0.95,34.7,M,-33.2,M,,0000*50
"
1675380072.4780226,0,84064,0,GPS_Frame1,42.336666107177734,-71.00433349609375,34.900001525878906,9.0,334880.53125,4689102.5,232104.0,19,T,"$GPGGA,232104.00,4220.26096,N,07105.18867,W,2,09,1.02,34.9,M,-33.2,M,,0000*5C
"
1675380073.9368691,0,84065,0,GPS_Frame1,42.336666107177734,-71.00433349609375,35.0,9.0,334880.53125,4689102.5,232105.0,19,T,"$GPGGA,232105.00,4220.26094,N,07105.18871,W,2,09,0.95,35.0,M,-33.2,M,,0000*5F
"
1675380075.394135,0,84066,0,GPS_Frame1,42.336666107177734,-71.00433349609375,35.099998474121094,9.0,334880.53125,4689102.5,232106.0,19,T,"$GPGGA,232106.00,4220.26090,N,07105.18871,W,2,09,0.95,35.1,M,-33.2,M,,0000*59
"
1675380076.8537772,0,84067,0,GPS_Frame1,42.336666107177734,-71.00433349609375,35.099998474121094,9.0,334880.53125,4689102.5,232107.0,19,T,"$GPGGA,232107.00,4220.26090,N,07105.18874,W,2,09,0.95,35.1,M,-33.2,M,,0000*5D
"
1675380078.3169775,0,84068,0,GPS_Frame1,42.336666107177734,-71.00433349609375,35.20000076293945,9.0,334880.53125,4689102.5,232108.0,19,T,"$GPGGA,232108.00,4220.26086,N,07105.18874,W,2,09,0.93,35.2,M,-33.2,M,,0000*50
"
1675380079.7837799,0,84069,0,GPS_Frame1,42.336666107177734,-71.00433349609375,35.29999923706055,9.0,334880.53125,4689102.5,232109.0,19,T,"$GPGGA,232109.00,4220.26083,N,07105.18874,W,2,09,0.95,35.3,M,-33.2,M,,0000*53
"
1675380081.2324433,0,84070,0,GPS_Frame1,42.336666107177734,-71.00433349609375,35.400001525878906,9.0,334880.53125,4689102.5,232110.0,19,T,"$GPGGA,232110.00,4220.26081,N,07105.18873,W,2,09,0.95,35.4,M,-33.2,M,,0000*59
"
1675380082.6911688,0,84071,0,GPS_Frame1,42.336666107177734,-71.00433349609375,35.29999923706055,9.0,334880.53125,4689102.5,232111.0,19,T,"$GPGGA,232111.00,4220.26083,N,07105.18877,W,2,09,0.95,35.3,M,-33.2,M,,0000*59
"
1675380084.1496558,0,84072,0,GPS_Frame1,42.336666107177734,-71.00433349609375,35.29999923706055,9.0,334880.53125,4689102.5,232112.0,19,T,"$GPGGA,232112.00,4220.26086,N,07105.18885,W,2,09,1.02,35.3,M,-33.2,M,,0000*5D
"
1675380086.1498697,0,84085,0,GPS_Frame1,42.336666107177734,-71.00433349609375,35.79999923706055,9.0,334880.53125,4689102.5,232125.0,19,T,"$GPGGA,232125.00,4220.26082,N,07105.18846,W,2,09,0.95,35.8,M,-33.2,M,,0000*56
"
1675380087.6079981,0,84086,0,GPS_Frame1,42.336666107177734,-71.00433349609375,35.79999923706055,9.0,334880.53125,4689102.5,232126.0,19,T,"$GPGGA,232126.00,4220.26082,N,07105.18845,W,2,09,0.87,35.8,M,-33.2,M,,0000*55
"
1675380089.0617032,0,84087,0,GPS_Frame1,42.336666107177734,-71.00433349609375,36.0,9.0,334880.53125,4689102.5,232127.0,19,T,"$GPGGA,232127.00,4220.26082,N,07105.18845,W,2,09,0.95,36.0,M,-33.2,M,,0000*5C
"
1675380090.5165422,0,84088,0,GPS_Frame1,42.336666107177734,-71.00433349609375,36.099998474121094,9.0,334880.53125,4689102.5,232128.0,19,T,"$GPGGA,232128.00,4220.26079,N,07105.18841,W,2,09,0.93,36.1,M,-33.2,M,,0000*54
"
1675380091.9766397,0,84089,0,GPS_Frame1,42.336666107177734,-71.00433349609375,36.29999923706055,9.0,334880.53125,4689102.5,232129.0,19,T,"$GPGGA,232129.00,4220.26078,N,07105.18843,W,2,09,0.95,36.3,M,-33.2,M,,0000*52
"
1675380093.4354315,0,84090,0,GPS_Frame1,42.336666107177734,-71.00433349609375,36.29999923706055,9.0,334880.53125,4689102.5,232130.0,19,T,"$GPGGA,232130.00,4220.26077,N,07105.18840,W,2,09,0.87,36.3,M,-33.2,M,,0000*55
"
1675380094.8925786,0,84091,0,GPS_Frame1,42.336666107177734,-71.00433349609375,36.5,9.0,334880.53125,4689102.5,232131.0,19,T,"$GPGGA,232131.00,4220.26076,N,07105.18839,W,2,09,0.95,36.5,M,-33.2,M,,0000*5E
"
1675380096.3414533,0,84092,0,GPS_Frame1,42.336666107177734,-71.00433349609375,36.599998474121094,9.0,334880.53125,4689102.5,232132.0,19,T,"$GPGGA,232132.00,4220.26075,N,07105.18844,W,2,09,1.02,36.6,M,-33.2,M,,0000*58
"
1675380097.7860398,0,84093,0,GPS_Frame1,42.336666107177734,-71.00433349609375,36.70000076293945,9.0,334880.53125,4689102.5,232133.0,19,T,"$GPGGA,232133.00,4220.26076,N,07105.18850,W,2,09,0.95,36.7,M,-33.2,M,,0000*51
"
1675380099.258713,0,84094,0,GPS_Frame1,42.336666107177734,-71.00433349609375,36.79999923706055,9.0,334880.53125,4689102.5,232134.0,19,T,"$GPGGA,232134.00,4220.26079,N,07105.18854,W,2,09,0.95,36.8,M,-33.2,M,,0000*52
"
1675380100.710742,0,84095,0,GPS_Frame1,42.336666107177734,-71.00433349609375,36.70000076293945,9.0,334880.53125,4689102.5,232135.0,19,T,"$GPGGA,232135.00,4220.26083,N,07105.18858,W,2,09,0.95,36.7,M,-33.2,M,,0000*55
"
1675380102.167652,0,84096,0,GPS_Frame1,42.336666107177734,-71.00433349609375,36.79999923706055,9.0,334880.53125,4689102.5,232136.0,19,T,"$GPGGA,232136.00,4220.26085,N,07105.18863,W,2,09,1.02,36.8,M,-33.2,M,,0000*58
"
1675380103.6145058,0,84097,0,GPS_Frame1,42.336666107177734,-71.00433349609375,36.79999923706055,9.0,334880.53125,4689102.5,232137.0,19,T,"$GPGGA,232137.00,4220.26089,N,07105.18872,W,2,09,0.95,36.8,M,-33.2,M,,0000*5A
"
1675380105.0746408,0,84098,0,GPS_Frame1,42.336666107177734,-71.00433349609375,36.79999923706055,9.0,334880.53125,4689102.5,232138.0,19,T,"$GPGGA,232138.00,4220.26091,N,07105.18875,W,2,09,0.95,36.8,M,-33.2,M,,0000*5B
"
1675380106.5353014,0,84099,0,GPS_Frame1,42.336666107177734,-71.00433349609375,36.79999923706055,9.0,334880.53125,4689102.5,232139.0,19,T,"$GPGGA,232139.00,4220.26095,N,07105.18880,W,2,09,0.95,36.8,M,-33.2,M,,0000*54
"
1675380107.9882908,0,84100,0,GPS_Frame1,42.336666107177734,-71.00433349609375,36.900001525878906,9.0,334880.53125,4689102.5,232140.0,19,T,"$GPGGA,232140.00,4220.26097,N,07105.18888,W,2,09,1.02,36.9,M,-33.2,M,,0000*5E
"
1675380109.4473379,0,84101,0,GPS_Frame1,42.336666107177734,-71.00433349609375,36.79999923706055,9.0,334880.53125,4689102.5,232141.0,19,T,"$GPGGA,232141.00,4220.26098,N,07105.18888,W,2,09,0.87,36.8,M,-33.2,M,,0000*5D
"
1675380110.9038653,0,84102,0,GPS_Frame1,42.336666107177734,-71.00433349609375,36.79999923706055,8.0,334880.53125,4689102.5,232142.0,19,T,"$GPGGA,232142.00,4220.26100,N,07105.18892,W,2,08,1.04,36.8,M,-33.2,M,,0000*5E
"
1675380112.3457246,0,84103,0,GPS_Frame1,42.336666107177734,-71.00433349609375,36.70000076293945,8.0,334880.53125,4689102.5,232143.0,19,T,"$GPGGA,232143.00,4220.26103,N,07105.18890,W,2,08,0.90,36.7,M,-33.2,M,,0000*5D
"
1675380113.7805924,0,84104,0,GPS_Frame1,42.336666107177734,-71.00433349609375,36.70000076293945,8.0,334880.53125,4689102.5,232144.0,19,T,"$GPGGA,232144.00,4220.26105,N,07105.18896,W,2,08,1.12,36.7,M,-33.2,M,,0000*51
"
1675380115.2385826,0,84105,0,GPS_Frame1,42.336666107177734,-71.00433349609375,36.599998474121094,9.0,334880.53125,4689102.5,232145.0,19,T,"$GPGGA,232145.00,4220.26108,N,07105.18897,W,2,09,0.90,36.6,M,-33.2,M,,0000*57
"
1675380116.6962156,0,84106,0,GPS_Frame1,42.336666107177734,-71.00433349609375,36.5,9.0,334880.53125,4689102.5,232146.0,19,T,"$GPGGA,232146.00,4220.26112,N,07105.18901,W,2,09,1.04,36.5,M,-33.2,M,,0000*5E
"
1675380118.1604967,0,84107,0,GPS_Frame1,42.336666107177734,-71.00433349609375,36.400001525878906,9.0,334880.53125,4689102.5,232147.0,19,T,"$GPGGA,232147.00,4220.26114,N,07105.18898,W,2,09,0.90,36.4,M,-33.2,M,,0000*55
"
1675380119.6147668,0,84108,0,GPS_Frame1,42.336666107177734,-71.00433349609375,36.29999923706055,9.0,334880.53125,4689102.5,232148.0,19,T,"$GPGGA,232148.00,4220.26116,N,07105.18902,W,2,09,1.02,36.3,M,-33.2,M,,0000*57
"
1675380121.0753884,0,84109,0,GPS_Frame1,42.336666107177734,-71.00433349609375,36.20000076293945,9.0,334880.53125,4689102.5,232149.0,19,T,"$GPGGA,232149.00,4220.26116,N,07105.18897,W,2,09,0.87,36.2,M,-33.2,M,,0000*56
"
1675380123.0751085,0,84122,0,GPS_Frame1,42.336666107177734,-71.00433349609375,35.70000076293945,9.0,334880.53125,4689102.5,232202.0,19,T,"$GPGGA,232202.00,4220.26120,N,07105.18851,W,2,09,0.95,35.7,M,-33.2,M,,0000*50
"
1675380124.5341253,0,84123,0,GPS_Frame1,42.336666107177734,-71.00433349609375,35.70000076293945,9.0,334880.53125,4689102.5,232203.0,19,T,"$GPGGA,232203.00,4220.26123,N,07105.18847,W,2,09,0.93,35.7,M,-33.2,M,,0000*53
"
1675380125.9930456,0,84124,0,GPS_Frame1,42.336666107177734,-71.00433349609375,35.900001525878906,9.0,334880.53125,4689102.5,232204.0,19,T,"$GPGGA,232204.00,4220.26128,N,07105.18841,W,2,09,0.95,35.9,M,-33.2,M,,0000*51
"
1675380127.445808,0,84125,0,GPS_Frame1,42.336666107177734,-71.00433349609375,35.900001525878906,9.0,334880.53125,4689102.5,232205.0,19,T,"$GPGGA,232205.00,4220.26131,N,07105.18837,W,2,09,0.93,35.9,M,-33.2,M,,0000*5F
"
1675380128.9049873,0,84126,0,GPS_Frame1,42.336666107177734,-71.00433349609375,36.099998474121094,9.0,334880.53125,4689102.5,232206.0,19,T,"$GPGGA,232206.00,4220.26133,N,07105.18839,W,2,09,0.95,36.1,M,-33.2,M,,0000*5D
"
1675380130.3680065,0,84127,0,GPS_Frame1,42.336666107177734,-71.00433349609375,36.0,9.0,334880.53125,4689102.5,232207.0,19,T,"$GPGGA,232207.00,4220.26133,N,07105.18834,W,2,09,0.97,36.0,M,-33.2,M,,0000*52
"
1675380131.8242457,0,84128,0,GPS_Frame1,42.336666107177734,-71.00433349609375,36.099998474121094,9.0,334880.53125,4689102.5,232208.0,19,T,"$GPGGA,232208.00,4220.26124,N,07105.18816,W,2,09,1.06,36.1,M,-33.2,M,,0000*53
"
1675380133.2900946,0,84129,0,GPS_Frame1,42.336666107177734,-71.00433349609375,36.400001525878906,9.0,334880.53125,4689102.5,232209.0,19,T,"$GPGGA,232209.00,4220.26117,N,07105.18815,W,2,09,1.16,36.4,M,-33.2,M,,0000*55
"
1675380134.7473307,0,84130,0,GPS_Frame1,42.336666107177734,-71.00433349609375,36.599998474121094,9.0,334880.53125,4689102.5,232210.0,19,T,"$GPGGA,232210.00,4220.26114,N,07105.18812,W,2,09,1.64,36.6,M,-33.2,M,,0000*5E
"
1675380136.2090945,0,84131,0,GPS_Frame1,42.336666107177734,-71.00433349609375,36.70000076293945,8.0,334880.53125,4689102.5,232211.0,19,T,"$GPGGA,232211.00,4220.26110,N,07105.18804,W,2,08,1.27,36.7,M,-33.2,M,,0000*5B
"
1675380137.657812,0,84132,0,GPS_Frame1,42.336666107177734,-71.00433349609375,36.900001525878906,9.0,334880.53125,4689102.5,232212.0,19,T,"$GPGGA,232212.00,4220.26107,N,07105.18802,W,2,09,1.48,36.9,M,-33.2,M,,0000*5E
"
1675380139.129276,0,84133,0,GPS_Frame1,42.336666107177734,-71.00433349609375,37.20000076293945,9.0,334880.53125,4689102.5,232213.0,19,T,"$GPGGA,232213.00,4220.26100,N,07105.18801,W,2,09,1.16,37.2,M,-33.2,M,,0000*5A
"
1675380140.5974596,0,84134,0,GPS_Frame1,42.336666107177734,-71.00433349609375,37.400001525878906,9.0,334880.53125,4689102.5,232214.0,19,T,"$GPGGA,232214.00,4220.26093,N,07105.18801,W,2,09,1.48,37.4,M,-33.2,M,,0000*5B
"
1675380142.053217,0,84135,0,GPS_Frame1,42.336666107177734,-71.00433349609375,37.5,9.0,334880.53125,4689102.5,232215.0,19,T,"$GPGGA,232215.00,4220.26088,N,07105.18790,W,2,09,1.27,37.5,M,-33.2,M,,0000*5F
"
1675380143.517066,0,84136,0,GPS_Frame1,42.336666107177734,-71.00433349609375,37.79999923706055,9.0,334880.53125,4689102.5,232216.0,19,T,"$GPGGA,232216.00,4220.26082,N,07105.18791,W,2,09,1.48,37.8,M,-33.2,M,,0000*53
"
1675380144.9871418,0,84137,0,GPS_Frame1,42.336666107177734,-71.00433349609375,38.099998474121094,9.0,334880.53125,4689102.5,232217.0,19,T,"$GPGGA,232217.00,4220.26070,N,07105.18792,W,2,09,1.16,38.1,M,-33.2,M,,0000*51
"
1675380146.4498358,0,84138,0,GPS_Frame1,42.336666107177734,-71.00433349609375,38.400001525878906,9.0,334880.53125,4689102.5,232218.0,19,T,"$GPGGA,232218.00,4220.26060,N,07105.18794,W,2,09,1.48,38.4,M,-33.2,M,,0000*57
"
1675380147.9038708,0,84139,0,GPS_Frame1,42.336666107177734,-71.00433349609375,38.400001525878906,9.0,334880.53125,4689102.5,232219.0,19,T,"$GPGGA,232219.00,4220.26052,N,07105.18783,W,2,09,1.27,38.4,M,-33.2,M,,0000*58
"
1675380149.3517163,0,84140,0,GPS_Frame1,42.336666107177734,-71.00433349609375,38.70000076293945,9.0,334880.53125,4689102.5,232220.0,19,T,"$GPGGA,232220.00,4220.26043,N,07105.18777,W,2,09,1.48,38.7,M,-33.2,M,,0000*53
"
1675380150.807826,0,84141,0,GPS_Frame1,42.336666107177734,-71.00433349609375,38.900001525878906,9.0,334880.53125,4689102.5,232221.0,19,T,"$GPGGA,232221.00,4220.26028,N,07105.18771,W,2,09,1.16,38.9,M,-33.2,M,,0000*5C
"
1675380152.2680502,0,84142,0,GPS_Frame1,42.336666107177734,-71.00433349609375,39.099998474121094,9.0,334880.53125,4689102.5,232222.0,19,T,"$GPGGA,232222.00,4220.26015,N,07105.18766,W,2,09,1.48,39.1,M,-33.2,M,,0000*55
"
1675380153.7262006,0,84143,0,GPS_Frame1,42.336666107177734,-71.00433349609375,39.099998474121094,9.0,334880.53125,4689102.5,232223.0,19,T,"$GPGGA,232223.00,4220.26005,N,07105.18751,W,2,09,1.27,39.1,M,-33.2,M,,0000*58
"
1675380155.1915605,0,84144,0,GPS_Frame1,42.336666107177734,-71.00416564941406,39.29999923706055,9.0,334894.28125,4689102.0,232224.0,19,T,"$GPGGA,232224.00,4220.25993,N,07105.18745,W,2,09,1.48,39.3,M,-33.2,M,,0000*54
"
1675380156.6418076,0,84145,0,GPS_Frame1,42.336666107177734,-71.00416564941406,39.29999923706055,9.0,334894.28125,4689102.0,232225.0,19,T,"$GPGGA,232225.00,4220.25985,N,07105.18726,W,2,09,1.27,39.3,M,-33.2,M,,0000*5E
"
1675380158.0909777,0,84146,0,GPS_Frame1,42.336666107177734,-71.00416564941406,39.5,9.0,334894.28125,4689102.0,232226.0,19,T,"$GPGGA,232226.00,4220.25975,N,07105.18722,W,2,09,1.64,39.5,M,-33.2,M,,0000*57
"
1675380160.0817642,0,84159,0,GPS_Frame1,42.336666107177734,-71.00416564941406,40.900001525878906,9.0,334894.28125,4689102.0,232239.0,19,T,"$GPGGA,232239.00,4220.25810,N,07105.18535,W,2,09,1.12,40.9,M,-33.2,M,,0000*5C
"
1675380161.5352333,0,84160,0,GPS_Frame1,42.336666107177734,-71.00416564941406,41.0,9.0,334894.28125,4689102.0,232240.0,19,T,"$GPGGA,232240.00,4220.25799,N,07105.18522,W,2,09,1.48,41.0,M,-33.2,M,,0000*5D
"
1675380163.01875,0,84161,0,GPS_Frame1,42.336666107177734,-71.00416564941406,41.099998474121094,9.0,334894.28125,4689102.0,232241.0,19,T,"$GPGGA,232241.00,4220.25787,N,07105.18503,W,2,09,1.12,41.1,M,-33.2,M,,0000*5E
"
1675380164.4746494,0,84162,0,GPS_Frame1,42.336666107177734,-71.00416564941406,41.099998474121094,9.0,334894.28125,4689102.0,232242.0,19,T,"$GPGGA,232242.00,4220.25775,N,07105.18480,W,2,09,1.12,41.1,M,-33.2,M,,0000*5A
"
1675380165.9103522,0,84163,0,GPS_Frame1,42.336666107177734,-71.00416564941406,41.20000076293945,9.0,334894.28125,4689102.0,232243.0,19,T,"$GPGGA,232243.00,4220.25762,N,07105.18470,W,2,09,1.64,41.2,M,-33.2,M,,0000*50
"
1675380167.36796,0,84164,0,GPS_Frame1,42.336666107177734,-71.00416564941406,41.400001525878906,9.0,334894.28125,4689102.0,232244.0,19,T,"$GPGGA,232244.00,4220.25749,N,07105.18454,W,2,09,1.12,41.4,M,-33.2,M,,0000*5F
"
1675380168.8134975,0,84165,0,GPS_Frame1,42.336666107177734,-71.00416564941406,41.599998474121094,9.0,334894.28125,4689102.0,232245.0,19,T,"$GPGGA,232245.00,4220.25733,N,07105.18435,W,2,09,1.12,41.6,M,-33.2,M,,0000*56
"
1675380170.259303,0,84166,0,GPS_Frame1,42.336666107177734,-71.00416564941406,41.79999923706055,9.0,334894.28125,4689102.0,232246.0,19,T,"$GPGGA,232246.00,4220.25721,N,07105.18423,W,2,09,1.48,41.8,M,-33.2,M,,0000*50
"
1675380171.7033398,0,84167,0,GPS_Frame1,42.336666107177734,-71.00416564941406,42.0,9.0,334894.28125,4689102.0,232247.0,19,T,"$GPGGA,232247.00,4220.25708,N,07105.18404,W,2,09,1.12,42.0,M,-33.2,M,,0000*5B
"
1675380173.145632,0,84168,0,GPS_Frame1,42.336666107177734,-71.00416564941406,42.29999923706055,9.0,334894.28125,4689102.0,232248.0,19,T,"$GPGGA,232248.00,4220.25694,N,07105.18382,W,2,09,1.12,42.3,M,-33.2,M,,0000*5A
"
1675380174.5936098,0,84169,0,GPS_Frame1,42.336666107177734,-71.00416564941406,42.400001525878906,9.0,334894.28125,4689102.0,232249.0,19,T,"$GPGGA,232249.00,4220.25684,N,07105.18375,W,2,09,1.64,42.4,M,-33.2,M,,0000*54
"
1675380176.0295162,0,84170,0,GPS_Frame1,42.336666107177734,-71.00416564941406,42.599998474121094,9.0,334894.28125,4689102.0,232250.0,19,T,"$GPGGA,232250.00,4220.25672,N,07105.18359,W,2,09,1.12,42.6,M,-33.2,M,,0000*58
"
1675380177.4833112,0,84171,0,GPS_Frame1,42.336666107177734,-71.00416564941406,43.0,9.0,334894.28125,4689102.0,232251.0,19,T,"$GPGGA,232251.00,4220.25654,N,07105.18339,W,2,09,0.95,43.0,M,-33.2,M,,0000*52
"
1675380178.9459016,0,84172,0,GPS_Frame1,42.336666107177734,-71.00416564941406,43.20000076293945,9.0,334894.28125,4689102.0,232252.0,19,T,"$GPGGA,232252.00,4220.25644,N,07105.18323,W,2,09,1.12,43.2,M,-33.2,M,,0000*57
"
1675380180.4007063,0,84173,0,GPS_Frame1,42.336666107177734,-71.00416564941406,43.599998474121094,9.0,334894.28125,4689102.0,232253.0,19,T,"$GPGGA,232253.00,4220.25627,N,07105.18298,W,2,09,0.87,43.6,M,-33.2,M,,0000*5B
"
1675380181.8521478,0,84174,0,GPS_Frame1,42.336666107177734,-71.00416564941406,43.70000076293945,9.0,334894.28125,4689102.0,232254.0,19,T,"$GPGGA,232254.00,4220.25618,N,07105.18276,W,2,09,1.12,43.7,M,-33.2,M,,0000*5C
"
1675380183.3071325,0,84175,0,GPS_Frame1,42.336666107177734,-71.00416564941406,44.0,9.0,334894.28125,4689102.0,232255.0,19,T,"$GPGGA,232255.00,4220.25605,N,07105.18253,W,2,09,0.95,44.0,M,-33.2,M,,0000*58
"
1675380184.764573,0,84176,0,GPS_Frame1,42.336666107177734,-71.00416564941406,44.099998474121094,9.0,334894.28125,4689102.0,232256.0,19,T,"$GPGGA,232256.00,4220.25599,N,07105.18233,W,2,09,1.12,44.1,M,-33.2,M,,0000*54
"
1675380186.2263405,0,84177,0,GPS_Frame1,42.336666107177734,-71.00416564941406,44.400001525878906,9.0,334894.28125,4689102.0,232257.0,19,T,"$GPGGA,232257.00,4220.25582,N,07105.18211,W,2,09,0.93,44.4,M,-33.2,M,,0000*52
"
1675380187.6859307,0,84178,0,GPS_Frame1,42.336666107177734,-71.00416564941406,44.5,9.0,334894.28125,4689102.0,232258.0,19,T,"$GPGGA,232258.00,4220.25579,N,07105.18197,W,2,09,1.48,44.5,M,-33.2,M,,0000*52
"
1675380189.1338484,0,84179,0,GPS_Frame1,42.336666107177734,-71.00416564941406,44.79999923706055,9.0,334894.28125,4689102.0,232259.0,19,T,"$GPGGA,232259.00,4220.25568,N,07105.18176,W,2,09,0.87,44.8,M,-33.2,M,,0000*53
"
1675380190.5881178,0,84180,0,GPS_Frame1,42.336666107177734,-71.00416564941406,45.0,9.0,334894.28125,4689102.0,232300.0,19,T,"$GPGGA,232300.00,4220.25557,N,07105.18152,W,2,09,0.87,45.0,M,-33.2,M,,0000*5D
"
1675380192.0429544,0,84181,0,GPS_Frame1,42.336666107177734,-71.00416564941406,45.29999923706055,9.0,334894.28125,4689102.0,232301.0,19,T,"$GPGGA,232301.00,4220.25545,N,07105.18132,W,2,09,0.95,45.3,M,-33.2,M,,0000*59
"
1675380193.5018394,0,84182,0,GPS_Frame1,42.336666107177734,-71.00416564941406,45.79999923706055,9.0,334894.28125,4689102.0,232302.0,19,T,"$GPGGA,232302.00,4220.25528,N,07105.18108,W,2,09,0.93,45.8,M,-33.2,M,,0000*55
"
1675380194.95679,0,84183,0,GPS_Frame1,42.336666107177734,-71.00416564941406,45.79999923706055,9.0,334894.28125,4689102.0,232303.0,19,T,"$GPGGA,232303.00,4220.25527,N,07105.18102,W,2,09,0.93,45.8,M,-33.2,M,,0000*51
"
1675380196.375462,0,84196,0,GPS_Frame1,42.336666107177734,-71.00416564941406,46.400001525878906,9.0,334894.28125,4689102.0,232316.0,19,T,"$GPGGA,232316.00,4220.25527,N,07105.18071,W,2,09,0.95,46.4,M,-33.2,M,,0000*59
"
1675380199.083382,0,84197,0,GPS_Frame1,42.336666107177734,-71.00416564941406,46.5,9.0,334894.28125,4689102.0,232317.0,19,T,"$GPGGA,232317.00,4220.25528,N,07105.18077,W,2,09,0.93,46.5,M,-33.2,M,,0000*56
"
1675380200.5245152,0,84198,0,GPS_Frame1,42.336666107177734,-71.00416564941406,46.599998474121094,9.0,334894.28125,4689102.0,232318.0,19,T,"$GPGGA,232318.00,4220.25527,N,07105.18079,W,2,09,0.93,46.6,M,-33.2,M,,0000*5B
"
1675380201.9720995,0,84199,0,GPS_Frame1,42.336666107177734,-71.00416564941406,46.70000076293945,9.0,334894.28125,4689102.0,232319.0,19,T,"$GPGGA,232319.00,4220.25530,N,07105.18088,W,2,09,1.02,46.7,M,-33.2,M,,0000*5A
"
1675380203.4376137,0,84200,0,GPS_Frame1,42.336666107177734,-71.00416564941406,46.70000076293945,9.0,334894.28125,4689102.0,232320.0,19,T,"$GPGGA,232320.00,4220.25533,N,07105.18089,W,2,09,0.95,46.7,M,-33.2,M,,0000*5D
"
1675380204.8907132,0,84201,0,GPS_Frame1,42.336666107177734,-71.00416564941406,46.900001525878906,9.0,334894.28125,4689102.0,232321.0,19,T,"$GPGGA,232321.00,4220.25534,N,07105.18083,W,2,09,0.87,46.9,M,-33.2,M,,0000*5C
"
1675380206.339417,0,84202,0,GPS_Frame1,42.336666107177734,-71.00416564941406,46.900001525878906,9.0,334894.28125,4689102.0,232322.0,19,T,"$GPGGA,232322.00,4220.25538,N,07105.18084,W,2,09,0.95,46.9,M,-33.2,M,,0000*57
"
1675380207.7905743,0,84203,0,GPS_Frame1,42.336666107177734,-71.00416564941406,47.0,9.0,334894.28125,4689102.0,232323.0,19,T,"$GPGGA,232323.00,4220.25537,N,07105.18078,W,2,09,0.87,47.0,M,-33.2,M,,0000*51
"
1675380209.2460818,0,84204,0,GPS_Frame1,42.336666107177734,-71.00416564941406,47.099998474121094,9.0,334894.28125,4689102.0,232324.0,19,T,"$GPGGA,232324.00,4220.25539,N,07105.18073,W,2,09,0.87,47.1,M,-33.2,M,,0000*52
"
1675380210.7043087,0,84205,0,GPS_Frame1,42.336666107177734,-71.00416564941406,47.20000076293945,9.0,334894.28125,4689102.0,232325.0,19,T,"$GPGGA,232325.00,4220.25541,N,07105.18072,W,2,09,0.95,47.2,M,-33.2,M,,0000*5D
"
1675380212.162103,0,84206,0,GPS_Frame1,42.336666107177734,-71.00416564941406,47.20000076293945,9.0,334894.28125,4689102.0,232326.0,19,T,"$GPGGA,232326.00,4220.25544,N,07105.18069,W,2,09,0.87,47.2,M,-33.2,M,,0000*52
"
1675380213.597916,0,84207,0,GPS_Frame1,42.336666107177734,-71.00416564941406,47.20000076293945,9.0,334894.28125,4689102.0,232327.0,19,T,"$GPGGA,232327.00,4220.25546,N,07105.18065,W,2,09,0.87,47.2,M,-33.2,M,,0000*5D
"
1675380215.0443285,0,84208,0,GPS_Frame1,42.336666107177734,-71.00416564941406,47.20000076293945,9.0,334894.28125,4689102.0,232328.0,19,T,"$GPGGA,232328.00,4220.25548,N,07105.18069,W,2,09,1.02,47.2,M,-33.2,M,,0000*5C
"
1675380216.489361,0,84209,0,GPS_Frame1,42.336666107177734,-71.00416564941406,47.599998474121094,9.0,334894.28125,4689102.0,232329.0,19,T,"$GPGGA,232329.00,4220.25537,N,07105.18057,W,2,09,1.02,47.6,M,-33.2,M,,0000*5C
"
1675380217.9545264,0,84210,0,GPS_Frame1,42.336666107177734,-71.00416564941406,48.099998474121094,9.0,334894.28125,4689102.0,232330.0,19,T,"$GPGGA,232330.00,4220.25522,N,07105.18043,W,2,09,1.02,48.1,M,-33.2,M,,0000*5D
"
1675380219.4032035,0,84211,0,GPS_Frame1,42.336666107177734,-71.00416564941406,48.20000076293945,9.0,334894.28125,4689102.0,232331.0,19,T,"$GPGGA,232331.00,4220.25519,N,07105.18035,W,2,09,1.12,48.2,M,-33.2,M,,0000*57
"
1675380220.8626573,0,84212,0,GPS_Frame1,42.336666107177734,-71.00416564941406,48.400001525878906,8.0,334894.28125,4689102.0,232332.0,19,T,"$GPGGA,232332.00,4220.25513,N,07105.18027,W,2,08,1.16,48.4,M,-33.2,M,,0000*5E
"
1675380222.3105192,0,84213,0,GPS_Frame1,42.336666107177734,-71.00416564941406,48.70000076293945,9.0,334894.28125,4689102.0,232333.0,19,T,"$GPGGA,232333.00,4220.25506,N,07105.18018,W,2,09,0.95,48.7,M,-33.2,M,,0000*5F
"
1675380223.7555344,0,84214,0,GPS_Frame1,42.336666107177734,-71.00416564941406,49.0,9.0,334894.28125,4689102.0,232334.0,19,T,"$GPGGA,232334.00,4220.25494,N,07105.18003,W,2,09,0.87,49.0,M,-33.2,M,,0000*5D
"
1675380225.2212083,0,84215,0,GPS_Frame1,42.336666107177734,-71.00416564941406,49.20000076293945,9.0,334894.28125,4689102.0,232335.0,19,T,"$GPGGA,232335.00,4220.25490,N,07105.17995,W,2,09,1.12,49.2,M,-33.2,M,,0000*5E
"
1675380226.6906767,0,84216,0,GPS_Frame1,42.336666107177734,-71.00416564941406,49.400001525878906,9.0,334894.28125,4689102.0,232336.0,19,T,"$GPGGA,232336.00,4220.25483,N,07105.17986,W,2,09,0.95,49.4,M,-33.2,M,,0000*55
"
1675380228.1333148,0,84217,0,GPS_Frame1,42.336666107177734,-71.00416564941406,49.70000076293945,9.0,334894.28125,4689102.0,232337.0,19,T,"$GPGGA,232337.00,4220.25473,N,07105.17972,W,2,09,0.87,49.7,M,-33.2,M,,0000*50
"
1675380229.5885851,0,84218,0,GPS_Frame1,42.336666107177734,-71.00416564941406,49.79999923706055,9.0,334894.28125,4689102.0,232338.0,19,T,"$GPGGA,232338.00,4220.25468,N,07105.17965,W,2,09,1.12,49.8,M,-33.2,M,,0000*51
"
1675380231.047371,0,84219,0,GPS_Frame1,42.336666107177734,-71.00416564941406,50.099998474121094,9.0,334894.28125,4689102.0,232339.0,19,T,"$GPGGA,232339.00,4220.25459,N,07105.17952,W,2,09,0.87,50.1,M,-33.2,M,,0000*5A
"
1675380233.0529242,0,84232,0,GPS_Frame1,42.336666107177734,-71.00416564941406,52.0,8.0,334894.28125,4689102.0,232352.0,19,T,"$GPGGA,232352.00,4220.25395,N,07105.17863,W,2,08,0.95,52.0,M,-33.2,M,,0000*52
"
1675380234.5021613,0,84233,0,GPS_Frame1,42.336666107177734,-71.00416564941406,51.900001525878906,8.0,334894.28125,4689102.0,232353.0,19,T,"$GPGGA,232353.00,4220.25395,N,07105.17863,W,2,08,1.49,51.9,M,-33.2,M,,0000*59
"
1675380235.961668,0,84234,0,GPS_Frame1,42.336666107177734,-71.00416564941406,52.0,9.0,334894.28125,4689102.0,232354.0,19,T,"$GPGGA,232354.00,4220.25393,N,07105.17856,W,2,09,0.87,52.0,M,-33.2,M,,0000*56
"
1675380237.4184682,0,84235,0,GPS_Frame1,42.336666107177734,-71.00416564941406,52.20000076293945,9.0,334894.28125,4689102.0,232355.0,19,T,"$GPGGA,232355.00,4220.25387,N,07105.17847,W,2,09,0.87,52.2,M,-33.2,M,,0000*50
"
1675380238.8814526,0,84236,0,GPS_Frame1,42.336666107177734,-71.00416564941406,52.29999923706055,9.0,334894.28125,4689102.0,232356.0,19,T,"$GPGGA,232356.00,4220.25383,N,07105.17839,W,2,09,0.87,52.3,M,-33.2,M,,0000*5F
"
1675380240.3596587,0,84237,0,GPS_Frame1,42.336666107177734,-71.00416564941406,52.599998474121094,9.0,334894.28125,4689102.0,232357.0,19,T,"$GPGGA,232357.00,4220.25376,N,07105.17828,W,2,09,0.87,52.6,M,-33.2,M,,0000*51
"
1675380241.8268585,0,84238,0,GPS_Frame1,42.336666107177734,-71.00416564941406,52.599998474121094,9.0,334894.28125,4689102.0,232358.0,19,T,"$GPGGA,232358.00,4220.25374,N,07105.17823,W,2,09,1.12,52.6,M,-33.2,M,,0000*5A
"
1675380243.2981017,0,84239,0,GPS_Frame1,42.336666107177734,-71.00416564941406,52.79999923706055,9.0,334894.28125,4689102.0,232359.0,19,T,"$GPGGA,232359.00,4220.25370,N,07105.17819,W,2,09,1.17,52.8,M,-33.2,M,,0000*5D
"
1675380244.7912993,0,84240,0,GPS_Frame1,42.336666107177734,-71.00416564941406,52.900001525878906,9.0,334894.28125,4689102.0,232400.0,19,T,"$GPGGA,232400.00,4220.25367,N,07105.17815,W,2,09,1.17,52.9,M,-33.2,M,,0000*5D
"
1675380246.2529325,0,84241,0,GPS_Frame1,42.336666107177734,-71.00416564941406,53.20000076293945,9.0,334894.28125,4689102.0,232401.0,19,T,"$GPGGA,232401.00,4220.25359,N,07105.17800,W,2,09,0.87,53.2,M,-33.2,M,,0000*57
"
1675380247.7393947,0,84242,0,GPS_Frame1,42.336666107177734,-71.00416564941406,53.29999923706055,10.0,334894.28125,4689102.0,232402.0,19,T,"$GPGGA,232402.00,4220.25356,N,07105.17788,W,2,10,1.12,53.3,M,-33.2,M,,0000*50
"
1675380249.1960511,0,84243,0,GPS_Frame1,42.336666107177734,-71.00416564941406,53.5,10.0,334894.28125,4689102.0,232403.0,19,T,"$GPGGA,232403.00,4220.25353,N,07105.17773,W,2,10,1.12,53.5,M,-33.2,M,,0000*56
"
1675380250.6446097,0,84244,0,GPS_Frame1,42.336666107177734,-71.00416564941406,53.70000076293945,10.0,334894.28125,4689102.0,232404.0,19,T,"$GPGGA,232404.00,4220.25350,N,07105.17756,W,2,10,1.12,53.7,M,-33.2,M,,0000*57
"
1675380252.117739,0,84245,0,GPS_Frame1,42.336666107177734,-71.00416564941406,53.900001525878906,10.0,334894.28125,4689102.0,232405.0,19,T,"$GPGGA,232405.00,4220.25346,N,07105.17738,W,2,10,1.12,53.9,M,-33.2,M,,0000*57
"
1675380253.5763376,0,84246,0,GPS_Frame1,42.336666107177734,-71.00416564941406,54.099998474121094,10.0,334894.28125,4689102.0,232406.0,19,T,"$GPGGA,232406.00,4220.25342,N,07105.17718,W,2,10,1.12,54.1,M,-33.2,M,,0000*5D
"
1675380255.035725,0,84247,0,GPS_Frame1,42.336666107177734,-71.00416564941406,54.400001525878906,10.0,334894.28125,4689102.0,232407.0,19,T,"$GPGGA,232407.00,4220.25333,N,07105.17699,W,2,10,1.07,54.4,M,-33.2,M,,0000*53
"
1675380256.491022,0,84248,0,GPS_Frame1,42.336666107177734,-71.00416564941406,54.79999923706055,10.0,334894.28125,4689102.0,232408.0,19,T,"$GPGGA,232408.00,4220.25325,N,07105.17676,W,2,10,1.05,54.8,M,-33.2,M,,0000*54
"
1675380257.9453773,0,84249,0,GPS_Frame1,42.336666107177734,-71.00416564941406,55.0,10.0,334894.28125,4689102.0,232409.0,19,T,"$GPGGA,232409.00,4220.25317,N,07105.17657,W,2,10,1.12,55.0,M,-33.2,M,,0000*58
"
1675380259.4091551,0,84250,0,GPS_Frame1,42.336666107177734,-71.00416564941406,55.29999923706055,10.0,334894.28125,4689102.0,232410.0,19,T,"$GPGGA,232410.00,4220.25312,N,07105.17636,W,2,10,1.05,55.3,M,-33.2,M,,0000*57
"
